-- phpMyAdmin SQL Dump
-- version 5.2.1
-- https://www.phpmyadmin.net/
--
-- Host: 127.0.0.1:3306
-- Generation Time: Jan 25, 2025 at 01:58 AM
-- Server version: 8.3.0
-- PHP Version: 8.2.18

SET SQL_MODE = "NO_AUTO_VALUE_ON_ZERO";
START TRANSACTION;
SET time_zone = "+00:00";


/*!40101 SET @OLD_CHARACTER_SET_CLIENT=@@CHARACTER_SET_CLIENT */;
/*!40101 SET @OLD_CHARACTER_SET_RESULTS=@@CHARACTER_SET_RESULTS */;
/*!40101 SET @OLD_COLLATION_CONNECTION=@@COLLATION_CONNECTION */;
/*!40101 SET NAMES utf8mb4 */;

--
-- Database: `paystream`
--

-- --------------------------------------------------------

--
-- Table structure for table `customers`
--

DROP TABLE IF EXISTS `customers`;
CREATE TABLE IF NOT EXISTS `customers` (
  `id` int NOT NULL AUTO_INCREMENT,
  `name` varchar(255) COLLATE utf8mb4_unicode_ci NOT NULL,
  `fname` varchar(100) COLLATE utf8mb4_unicode_ci NOT NULL,
  `email` varchar(191) COLLATE utf8mb4_unicode_ci NOT NULL,
  `phone` varchar(20) COLLATE utf8mb4_unicode_ci NOT NULL,
  `city` varchar(100) COLLATE utf8mb4_unicode_ci NOT NULL,
  `address` text COLLATE utf8mb4_unicode_ci NOT NULL,
  `id_card` varchar(50) COLLATE utf8mb4_unicode_ci NOT NULL,
  `next_of_kin` varchar(255) COLLATE utf8mb4_unicode_ci NOT NULL,
  `phone2` varchar(20) COLLATE utf8mb4_unicode_ci NOT NULL,
  `next_of_kin_id_card` varchar(50) COLLATE utf8mb4_unicode_ci NOT NULL,
  `relationship` varchar(50) COLLATE utf8mb4_unicode_ci NOT NULL,
  `photo_path` varchar(255) CHARACTER SET utf8mb4 COLLATE utf8mb4_unicode_ci NOT NULL DEFAULT 'img/user.png',
  `id_card_front` varchar(255) COLLATE utf8mb4_unicode_ci NOT NULL,
  `id_card_back` varchar(255) COLLATE utf8mb4_unicode_ci NOT NULL,
  `next_of_kin_id_card_front` varchar(255) COLLATE utf8mb4_unicode_ci NOT NULL,
  `next_of_kin_id_card_back` varchar(255) COLLATE utf8mb4_unicode_ci NOT NULL,
  `created_by` varchar(100) COLLATE utf8mb4_unicode_ci NOT NULL,
  `created_at` datetime NOT NULL,
  `updated_at` datetime NOT NULL DEFAULT CURRENT_TIMESTAMP,
  PRIMARY KEY (`id`),
  UNIQUE KEY `email` (`email`),
  UNIQUE KEY `id_card` (`id_card`)
) ENGINE=InnoDB AUTO_INCREMENT=88 DEFAULT CHARSET=utf8mb4 COLLATE=utf8mb4_unicode_ci;

--
-- Dumping data for table `customers`
--

INSERT INTO `customers` (`id`, `name`, `fname`, `email`, `phone`, `city`, `address`, `id_card`, `next_of_kin`, `phone2`, `next_of_kin_id_card`, `relationship`, `photo_path`, `id_card_front`, `id_card_back`, `next_of_kin_id_card_front`, `next_of_kin_id_card_back`, `created_by`, `created_at`, `updated_at`) VALUES
(1, 'Ali Ahmed', 'Rana Imtiaz Hussain', 'aliahmed1234@gmail.com', '9233987654321', 'Lahore', '349 Samreen Anjum Street, Lahore', '3650244262337', 'Hassan Raza', '03339876543', '3650344262338', 'Husband', 'documents/3650244262337/photo.png', 'documents/3650244262337/front-side.jpg', '', 'documents/3650244262337/NOK-front-side.jpg', 'documents/3650244262337/NOK-back-side.jpg', 'Admin', '2024-11-18 07:00:00', '2024-12-27 20:06:20'),
(2, 'Hassan Raza', 'Rana Imtiaz Hussain', 'hassanraza4954@gmail.com', '923357047869', 'Lahore', '269 Hassan Raza Street, Lahore', '3612455341804', 'Hassan Raza', '03334011465', '1654422119528', 'Wife', 'https://api.randomuser.me/portraits/men/65.jpg', 'documents/3650244262337/front-side.jpg', 'documents/3650244262337/back-side.jpg', 'documents/3650244262337/NOK-front-side.jpg', 'documents/3650244262337/NOK-back-side.jpg', 'Admin', '2024-11-18 16:54:18', '2024-12-24 22:18:55'),
(3, 'Khadija Asif', 'Rana Imtiaz Hussain', 'khadijasaeed3977@gmail.com', '923343605948', 'Lahore', '366 Khadija Saeed Street, Lahore', '3622643813581', 'Adeel Hussain', '03334650476', '8358066170655', 'Wife', 'https://api.randomuser.me/portraits/men/10.jpg', 'documents/3650244262337/front-side.jpg', 'documents/3622643813581/back-side.jpg', 'documents/3650244262337/NOK-front-side.jpg', 'documents/3650244262337/NOK-back-side.jpg', 'Admin', '2024-11-27 16:54:18', '2024-12-24 17:25:19'),
(4, 'Adeel Hussain', 'Rana Imtiaz Hussain', 'adeelhussain6328@gmail.com', '923385426684', 'Lahore', '823 Adeel Hussain Street, Lahore', '8452146540705', 'Sara Zafar', '03334238202', '5194217245907', 'Husband', 'https://api.randomuser.me/portraits/men/97.jpg', 'documents/3650244262337/front-side.jpg', 'documents/3650244262337/back-side.jpg', 'documents/3650244262337/NOK-front-side.jpg', 'documents/3650244262337/NOK-back-side.jpg', 'Admin', '2024-12-10 16:54:18', '2024-12-24 22:18:55'),
(5, 'Usman Ali', 'Rana Imtiaz Hussain', 'usmanali2773@gmail.com', '923345038110', 'Lahore', '972 Usman Ali Street, Lahore', '3985801379557', 'Fatima Noor', '03336834539', '6803842336868', 'Husband', 'https://api.randomuser.me/portraits/men/90.jpg', 'documents/3650244262337/front-side.jpg', 'documents/3650244262337/back-side.jpg', 'documents/3650244262337/NOK-front-side.jpg', 'documents/3650244262337/NOK-back-side.jpg', 'Admin', '2024-11-29 16:54:18', '2024-12-24 22:18:55'),
(6, 'Taha Ahmed', 'Rana Imtiaz Hussain', 'tahaahmed8261@gmail.com', '923360493420', 'Lahore', '249 Taha Ahmed Street, Lahore', '7877148591418', 'Zainab Bibi', '03336908055', '4923672158047', 'Wife', 'https://api.randomuser.me/portraits/men/4.jpg', 'documents/3650244262337/front-side.jpg', 'documents/3650244262337/back-side.jpg', 'documents/3650244262337/NOK-front-side.jpg', 'documents/3650244262337/NOK-back-side.jpg', 'Admin', '2024-12-11 16:54:18', '2024-12-24 22:18:55'),
(7, 'Sara Zafar', 'Rana Imtiaz Hussain', 'sarazafar9315@gmail.com', '923354706177', 'Lahore', '630 Sara Zafar Street, Lahore', '7686816891620', 'Fatima Noor', '03331664159', '5011209449551', 'Husband', 'https://api.randomuser.me/portraits/men/43.jpg', 'documents/3650244262337/front-side.jpg', 'documents/3650244262337/back-side.jpg', 'documents/3650244262337/NOK-front-side.jpg', 'documents/3650244262337/NOK-back-side.jpg', 'Admin', '2024-11-20 16:54:18', '2024-12-24 22:18:55'),
(8, 'Abdullah Sheikh', 'Rana Imtiaz Hussain', 'abdullahsheikh9595@gmail.com', '923388463911', 'Lahore', '651 Abdullah Sheikh Street, Lahore', '2311361197018', 'Farah Shaikh', '03331017643', '1842851754731', 'Wife', 'https://api.randomuser.me/portraits/men/59.jpg', 'documents/3650244262337/front-side.jpg', 'documents/3650244262337/back-side.jpg', 'documents/3650244262337/NOK-front-side.jpg', 'documents/3650244262337/NOK-back-side.jpg', 'Admin', '2024-12-10 16:54:18', '2024-12-24 22:18:55'),
(9, 'Shan Malik', 'Rana Imtiaz Hussain', 'shanmalik5806@gmail.com', '923387346311', 'Lahore', '300 Shan Malik Street, Lahore', '5194177002751', 'Shan Malik', '03333163087', '2756184399698', 'Husband', 'https://api.randomuser.me/portraits/men/5.jpg', 'documents/3650244262337/front-side.jpg', 'documents/3650244262337/back-side.jpg', 'documents/3650244262337/NOK-front-side.jpg', 'documents/3650244262337/NOK-back-side.jpg', 'Admin', '2024-12-10 16:54:18', '2024-12-24 22:18:55'),
(10, 'Ahmed Zubair', 'Rana Imtiaz Hussain', 'ahmedzubair8308@gmail.com', '923377929249', 'Lahore', '708 Ahmed Zubair Street, Lahore', '3922740182789', 'Taha Ahmed', '03334732348', '5984914441153', 'Husband', 'https://api.randomuser.me/portraits/men/67.jpg', 'documents/3650244262337/front-side.jpg', 'documents/3650244262337/back-side.jpg', 'documents/3650244262337/NOK-front-side.jpg', 'documents/3650244262337/NOK-back-side.jpg', 'Admin', '2024-12-09 16:54:18', '2024-12-24 22:18:55'),
(11, 'Fatima Noor', 'Rana Imtiaz Hussain', 'fatimanoor5896@gmail.com', '923323893277', 'Lahore', '847 Fatima Noor Street, Lahore', '6390187930344', 'Rabia Saleem', '03335346819', '7344127640523', 'Wife', 'https://api.randomuser.me/portraits/men/42.jpg', 'documents/3650244262337/front-side.jpg', 'documents/3650244262337/back-side.jpg', 'documents/3650244262337/NOK-front-side.jpg', 'documents/3650244262337/NOK-back-side.jpg', 'Admin', '2024-11-21 16:54:18', '2024-12-24 22:18:55'),
(12, 'Rabia Saleem', 'Rana Imtiaz Hussain', 'rabiasaleem8651@gmail.com', '923335265237', 'Lahore', '834 Rabia Saleem Street, Lahore', '5945491832716', 'Shan Malik', '03338191428', '2008007991366', 'Wife', 'https://api.randomuser.me/portraits/men/20.jpg', 'documents/3650244262337/front-side.jpg', 'documents/3650244262337/back-side.jpg', 'documents/3650244262337/NOK-front-side.jpg', 'documents/3650244262337/NOK-back-side.jpg', 'Admin', '2024-12-04 16:54:18', '2024-12-24 22:18:55'),
(13, 'Waseem Akhtar', 'Rana Imtiaz Hussain', 'waseemakhtar2765@gmail.com', '923358358640', 'Lahore', '540 Waseem Akhtar Street, Lahore', '1898228679057', 'Ali Ahmed', '03333106250', '2167798674131', 'Husband', 'https://api.randomuser.me/portraits/men/43.jpg', 'documents/3650244262337/front-side.jpg', 'documents/3650244262337/back-side.jpg', 'documents/3650244262337/NOK-front-side.jpg', 'documents/3650244262337/NOK-back-side.jpg', 'Admin', '2024-12-13 16:54:18', '2024-12-24 22:18:55'),
(14, 'Umar Farooq', 'Rana Imtiaz Hussain', 'umarfarooq6250@gmail.com', '923390172685', 'Lahore', '17 Umar Farooq Street, Lahore', '7075067311066', 'Usman Ali', '03336251330', '8714226704717', 'Husband', 'https://api.randomuser.me/portraits/men/10.jpg', 'documents/3650244262337/front-side.jpg', 'documents/3650244262337/back-side.jpg', 'documents/3650244262337/NOK-front-side.jpg', 'documents/3650244262337/NOK-back-side.jpg', 'Admin', '2024-11-25 16:54:18', '2024-12-24 22:18:55'),
(15, 'Farah Shaikh', 'Rana Imtiaz Hussain', 'farahshaikh5061@gmail.com', '923378250081', 'Lahore', '275 Farah Shaikh Street, Lahore', '3448809238225', 'Sara Zafar', '03339800711', '5090594588813', 'Husband', 'https://api.randomuser.me/portraits/men/22.jpg', 'documents/3650244262337/front-side.jpg', 'documents/3650244262337/back-side.jpg', 'documents/3650244262337/NOK-front-side.jpg', 'documents/3650244262337/NOK-back-side.jpg', 'Admin', '2024-11-28 16:54:18', '2024-12-24 22:18:55'),
(16, 'Taha Ahmed', 'Rana Imtiaz Hussain', 'tahaahmed5556@gmail.com', '923372784992', 'Lahore', '61 Taha Ahmed Street, Lahore', '8271591640533', 'Ali Ahmed', '03339179480', '1566736809618', 'Husband', 'https://api.randomuser.me/portraits/men/89.jpg', 'documents/3650244262337/front-side.jpg', 'documents/3650244262337/back-side.jpg', 'documents/3650244262337/NOK-front-side.jpg', 'documents/3650244262337/NOK-back-side.jpg', 'Admin', '2024-12-13 16:54:18', '2024-12-24 22:18:55'),
(17, 'Farah Shaikh', 'Rana Imtiaz Hussain', 'farahshaikh8949@gmail.com', '923358379683', 'Lahore', '375 Farah Shaikh Street, Lahore', '8664453615267', 'Usman Ali', '03335844168', '1913100748077', 'Husband', 'https://api.randomuser.me/portraits/men/34.jpg', 'documents/3650244262337/front-side.jpg', 'documents/3650244262337/back-side.jpg', 'documents/3650244262337/NOK-front-side.jpg', 'documents/3650244262337/NOK-back-side.jpg', 'Admin', '2024-12-13 16:54:18', '2024-12-24 22:18:55'),
(18, 'Farhan Shaikh', 'Rana Imtiaz Hussain', 'farahshaikh3742@gmail.com', '923397288302', 'Lahore', '307 Farah Shaikh Street, Lahore', '2616231789949', 'Sara Zafar', '03338892551', '5570550630406', 'Wife', 'https://api.randomuser.me/portraits/men/81.jpg', 'documents/3650244262337/front-side.jpg', '', 'documents/3650244262337/NOK-front-side.jpg', 'documents/3650244262337/NOK-back-side.jpg', 'Admin', '2024-11-30 16:54:18', '2024-12-27 20:07:04'),
(19, 'Umar Farooq', 'Rana Imtiaz Hussain', 'umarfarooq7553@gmail.com', '923349160538', 'Lahore', '829 Umar Farooq Street, Lahore', '7770876199890', 'Maryam Tariq', '03334249283', '1083302720947', 'Husband', 'https://api.randomuser.me/portraits/men/39.jpg', 'documents/3650244262337/front-side.jpg', 'documents/3650244262337/back-side.jpg', 'documents/3650244262337/NOK-front-side.jpg', 'documents/3650244262337/NOK-back-side.jpg', 'Admin', '2024-11-21 16:54:18', '2024-12-24 22:18:55'),
(20, 'Hina Yousuf', 'Rana Imtiaz Hussain', 'hinayousuf8681@gmail.com', '923334990134', 'Lahore', '128 Hina Yousuf Street, Lahore', '8604708175622', 'Ali Ahmed', '03332631207', '3015529649855', 'Wife', 'https://api.randomuser.me/portraits/men/96.jpg', 'documents/3650244262337/front-side.jpg', 'documents/3650244262337/back-side.jpg', 'documents/3650244262337/NOK-front-side.jpg', 'documents/3650244262337/NOK-back-side.jpg', 'Admin', '2024-12-12 16:54:18', '2024-12-24 22:18:55'),
(21, 'Ayesha Khan', 'Rana Imtiaz Hussain', 'ayeshakhan7085@gmail.com', '923358814534', 'Lahore', '453 Ayesha Khan Street, Lahore', '6469940096916', 'Shan Malik', '03332249046', '3149072289117', 'Wife', 'https://api.randomuser.me/portraits/men/18.jpg', 'documents/3650244262337/front-side.jpg', 'documents/3650244262337/back-side.jpg', 'documents/3650244262337/NOK-front-side.jpg', 'documents/3650244262337/NOK-back-side.jpg', 'Admin', '2024-11-20 16:54:18', '2024-12-24 22:18:55'),
(22, 'Mahnoor Anwar', 'Rana Imtiaz Hussain', 'mahnooranwar7982@gmail.com', '923373703522', 'Lahore', '197 Mahnoor Anwar Street, Lahore', '3819142976542', 'Maryam Tariq', '03331309170', '1704711415822', 'Wife', 'https://api.randomuser.me/portraits/men/9.jpg', 'documents/3650244262337/front-side.jpg', 'documents/3650244262337/back-side.jpg', 'documents/3650244262337/NOK-front-side.jpg', 'documents/3650244262337/NOK-back-side.jpg', 'Admin', '2024-11-27 16:54:18', '2024-12-24 22:18:55'),
(23, 'Mahnoor Anwar', 'Rana Imtiaz Hussain', 'mahnooranwar1077@gmail.com', '923318935957', 'Lahore', '418 Mahnoor Anwar Street, Lahore', '3158130866766', 'Raza Aslam', '03334269784', '7389703260636', 'Husband', 'https://api.randomuser.me/portraits/men/92.jpg', 'documents/3650244262337/front-side.jpg', 'documents/3650244262337/back-side.jpg', 'documents/3650244262337/NOK-front-side.jpg', 'documents/3650244262337/NOK-back-side.jpg', 'Admin', '2024-11-26 16:54:18', '2024-12-24 22:18:55'),
(24, 'Ayesha Khan', 'Rana Imtiaz Hussain', 'ayeshakhan4733@gmail.com', '923379517631', 'Lahore', '982 Ayesha Khan Street, Lahore', '7591203335067', 'Shan Malik', '03331037176', '3462569861585', 'Wife', 'https://api.randomuser.me/portraits/men/16.jpg', 'documents/3650244262337/front-side.jpg', 'documents/3650244262337/back-side.jpg', 'documents/3650244262337/NOK-front-side.jpg', 'documents/3650244262337/NOK-back-side.jpg', 'Admin', '2024-11-20 16:54:18', '2024-12-24 22:18:55'),
(25, 'Sana Malik', 'Rana Imtiaz Hussain', 'sanamalik3909@gmail.com', '923334200746', 'Lahore', '318 Sana Malik Street, Lahore', '9209668574288', 'Maryam Tariq', '03331234966', '2498104294346', 'Wife', 'https://api.randomuser.me/portraits/men/53.jpg', 'documents/3650244262337/front-side.jpg', 'documents/3650244262337/back-side.jpg', 'documents/3650244262337/NOK-front-side.jpg', 'documents/3650244262337/NOK-back-side.jpg', 'Admin', '2024-12-01 16:54:18', '2024-12-24 22:18:55'),
(26, 'Hina Yousuf', 'Rana Imtiaz Hussain', 'hinayousuf5537@gmail.com', '923380664693', 'Lahore', '248 Hina Yousuf Street, Lahore', '4592487489250', 'Sara Zafar', '03339625591', '4238952402277', 'Husband', 'https://api.randomuser.me/portraits/men/53.jpg', 'documents/3650244262337/front-side.jpg', 'documents/3650244262337/back-side.jpg', 'documents/3650244262337/NOK-front-side.jpg', 'documents/3650244262337/NOK-back-side.jpg', 'Admin', '2024-12-14 16:54:18', '2024-12-24 22:18:55'),
(27, 'Zara Latif', 'Rana Imtiaz Hussain', 'zaralatif7118@gmail.com', '923357091186', 'Lahore', '45 Zara Latif Street, Lahore', '8155052180852', 'Raza Aslam', '03331423528', '1719166454594', 'Husband', 'https://api.randomuser.me/portraits/men/39.jpg', 'documents/3650244262337/front-side.jpg', 'documents/3650244262337/back-side.jpg', 'documents/3650244262337/NOK-front-side.jpg', 'documents/3650244262337/NOK-back-side.jpg', 'Admin', '2024-11-29 16:54:18', '2024-12-24 22:18:55'),
(28, 'Khadija Saeed', 'Rana Imtiaz Hussain', 'khadijasaeed5879@gmail.com', '923324898767', 'Lahore', '917 Khadija Saeed Street, Lahore', '2204256901011', 'Adeel Hussain', '03334831847', '9086710745170', 'Husband', 'https://api.randomuser.me/portraits/men/54.jpg', 'documents/3650244262337/front-side.jpg', 'documents/3650244262337/back-side.jpg', 'documents/3650244262337/NOK-front-side.jpg', 'documents/3650244262337/NOK-back-side.jpg', 'Admin', '2024-12-01 16:54:18', '2024-12-24 22:18:55'),
(29, 'Ahmed Zubair', 'Rana Imtiaz Hussain', 'ahmedzubair4735@gmail.com', '923365087183', 'Lahore', '208 Ahmed Zubair Street, Lahore', '5801340949778', 'Hamza Khan', '03331442391', '3696194861211', 'Wife', 'https://api.randomuser.me/portraits/men/23.jpg', 'documents/3650244262337/front-side.jpg', 'documents/3650244262337/back-side.jpg', 'documents/3650244262337/NOK-front-side.jpg', 'documents/3650244262337/NOK-back-side.jpg', 'Admin', '2024-12-11 16:54:18', '2024-12-24 22:18:55'),
(30, 'Adeel Hussain', 'Rana Imtiaz Hussain', 'adeelhussain9141@gmail.com', '923381476047', 'Lahore', '354 Adeel Hussain Street, Lahore', '7374908027450', 'Raza Aslam', '03333818774', '4263306946899', 'Wife', 'https://api.randomuser.me/portraits/men/90.jpg', 'documents/3650244262337/front-side.jpg', 'documents/3650244262337/back-side.jpg', 'documents/3650244262337/NOK-front-side.jpg', 'documents/3650244262337/NOK-back-side.jpg', 'Admin', '2024-11-30 16:54:18', '2024-12-24 22:18:55'),
(31, 'Samreen Anjum', 'Rana Imtiaz Hussain', 'samreenanjum2842@gmail.com', '923374801090', 'Lahore', '464 Samreen Anjum Street, Lahore', '6063464102014', 'Sara Zafar', '03333024362', '5454356104643', 'Husband', 'https://api.randomuser.me/portraits/men/7.jpg', 'documents/3650244262337/front-side.jpg', 'documents/3650244262337/back-side.jpg', 'documents/3650244262337/NOK-front-side.jpg', 'documents/3650244262337/NOK-back-side.jpg', 'Admin', '2024-12-03 16:54:18', '2024-12-24 22:18:55'),
(32, 'Ali Ahmed', 'Rana Imtiaz Hussain', 'aliahmed7884@gmail.com', '923338022004', 'Lahore', '314 Ali Ahmed Street, Lahore', '3842120496560', 'Waseem Akhtar', '03332754667', '2115846561381', 'Husband', 'https://api.randomuser.me/portraits/men/27.jpg', 'documents/3650244262337/front-side.jpg', 'documents/3650244262337/back-side.jpg', 'documents/3650244262337/NOK-front-side.jpg', 'documents/3650244262337/NOK-back-side.jpg', 'Admin', '2024-11-25 16:54:18', '2024-12-24 22:18:55'),
(33, 'Zainab Bibi', 'Rana Imtiaz Hussain', 'zainabbibi3590@gmail.com', '923323778040', 'Lahore', '324 Zainab Bibi Street, Lahore', '4032000996745', 'Sara Zafar', '03338757941', '4269431239311', 'Husband', 'https://api.randomuser.me/portraits/men/42.jpg', 'documents/3650244262337/front-side.jpg', 'documents/3650244262337/back-side.jpg', 'documents/3650244262337/NOK-front-side.jpg', 'documents/3650244262337/NOK-back-side.jpg', 'Admin', '2024-11-18 16:54:18', '2024-12-24 22:18:55'),
(34, 'Sana Malik', 'Rana Imtiaz Hussain', 'sanamalik6200@gmail.com', '923371590770', 'Lahore', '500 Sana Malik Street, Lahore', '7385929815018', 'Shan Malik', '03338153182', '7696104994191', 'Husband', 'https://api.randomuser.me/portraits/men/93.jpg', 'documents/3650244262337/front-side.jpg', 'documents/3650244262337/back-side.jpg', 'documents/3650244262337/NOK-front-side.jpg', 'documents/3650244262337/NOK-back-side.jpg', 'Admin', '2024-12-06 16:54:18', '2024-12-24 22:18:55'),
(35, 'Mahnoor Anwar', 'Rana Imtiaz Hussain', 'mahnooranwar2516@gmail.com', '923371239933', 'Lahore', '330 Mahnoor Anwar Street, Lahore', '8762962102640', 'Ayesha Khan', '03331996164', '5829603865433', 'Husband', 'https://api.randomuser.me/portraits/men/5.jpg', 'documents/3650244262337/front-side.jpg', 'documents/3650244262337/back-side.jpg', 'documents/3650244262337/NOK-front-side.jpg', 'documents/3650244262337/NOK-back-side.jpg', 'Admin', '2024-11-20 16:54:18', '2024-12-24 22:18:55'),
(36, 'Raza Aslam', 'Rana Imtiaz Hussain', 'razaaslam1654@gmail.com', '923328402923', 'Lahore', '586 Raza Aslam Street, Lahore', '7611561114201', 'Rabia Saleem', '03333853014', '8888311653249', 'Wife', 'https://api.randomuser.me/portraits/men/39.jpg', 'documents/3650244262337/front-side.jpg', 'documents/3650244262337/back-side.jpg', 'documents/3650244262337/NOK-front-side.jpg', 'documents/3650244262337/NOK-back-side.jpg', 'Admin', '2024-11-27 16:54:18', '2024-12-24 22:18:55'),
(37, 'Maryam Tariq', 'Rana Imtiaz Hussain', 'maryamtariq4605@gmail.com', '923375211478', 'Lahore', '457 Maryam Tariq Street, Lahore', '8361918999937', 'Farah Shaikh', '03333377399', '8539307828429', 'Husband', 'https://api.randomuser.me/portraits/men/23.jpg', 'documents/3650244262337/front-side.jpg', 'documents/3650244262337/back-side.jpg', 'documents/3650244262337/NOK-front-side.jpg', 'documents/3650244262337/NOK-back-side.jpg', 'Admin', '2024-12-12 16:54:18', '2024-12-24 22:18:55'),
(38, 'Rabia Saleem', 'Rana Imtiaz Hussain', 'rabiasaleem4208@gmail.com', '923321746183', 'Lahore', '387 Rabia Saleem Street, Lahore', '9324971857214', 'Zara Latif', '03336597151', '8130192265954', 'Wife', 'https://api.randomuser.me/portraits/men/29.jpg', 'documents/3650244262337/front-side.jpg', 'documents/3650244262337/back-side.jpg', 'documents/3650244262337/NOK-front-side.jpg', 'documents/3650244262337/NOK-back-side.jpg', 'Admin', '2024-12-13 16:54:18', '2024-12-24 22:18:55'),
(39, 'Taha Ahmed', 'Rana Imtiaz Hussain', 'tahaahmed6631@gmail.com', '923395095649', 'Lahore', '960 Taha Ahmed Street, Lahore', '2603322117993', 'Fatima Noor', '03337280882', '5100130406773', 'Wife', 'https://api.randomuser.me/portraits/men/66.jpg', 'documents/3650244262337/front-side.jpg', 'documents/3650244262337/back-side.jpg', 'documents/3650244262337/NOK-front-side.jpg', 'documents/3650244262337/NOK-back-side.jpg', 'Admin', '2024-12-03 16:54:18', '2024-12-24 22:18:55'),
(40, 'Zara Latif', 'Rana Imtiaz Hussain', 'zaralatif9438@gmail.com', '923385016089', 'Lahore', '934 Zara Latif Street, Lahore', '6936929193794', 'Taha Ahmed', '03337206229', '9388097979560', 'Husband', 'https://api.randomuser.me/portraits/men/52.jpg', 'documents/3650244262337/front-side.jpg', 'documents/3650244262337/back-side.jpg', 'documents/3650244262337/NOK-front-side.jpg', 'documents/3650244262337/NOK-back-side.jpg', 'Admin', '2024-11-22 16:54:18', '2024-12-24 22:18:55'),
(41, 'Usman Ali', 'Rana Imtiaz Hussain', 'usmanali8176@gmail.com', '923392434620', 'Lahore', '476 Usman Ali Street, Lahore', '8822117502605', 'Hina Yousuf', '03337191479', '7405761623672', 'Wife', 'https://api.randomuser.me/portraits/men/75.jpg', 'documents/3650244262337/front-side.jpg', 'documents/3650244262337/back-side.jpg', 'documents/3650244262337/NOK-front-side.jpg', 'documents/3650244262337/NOK-back-side.jpg', 'Admin', '2024-11-18 16:54:18', '2024-12-24 22:18:55'),
(42, 'Khadija Saeed', 'Rana Imtiaz Hussain', 'khadijasaeed7976@gmail.com', '923310084683', 'Lahore', '835 Khadija Saeed Street, Lahore', '6013250548476', 'Raza Aslam', '03334251349', '6745939850029', 'Husband', 'https://api.randomuser.me/portraits/men/19.jpg', 'documents/3650244262337/front-side.jpg', 'documents/3650244262337/back-side.jpg', 'documents/3650244262337/NOK-front-side.jpg', 'documents/3650244262337/NOK-back-side.jpg', 'Admin', '2024-12-16 16:54:18', '2024-12-24 22:18:55'),
(43, 'Fatima Noor', 'Rana Imtiaz Hussain', 'fatimanoor8167@gmail.com', '923315965589', 'Lahore', '681 Fatima Noor Street, Lahore', '9233852474513', 'Yasir Iqbal', '03332756415', '2692349460579', 'Wife', 'https://api.randomuser.me/portraits/men/3.jpg', 'documents/3650244262337/front-side.jpg', 'documents/3650244262337/back-side.jpg', 'documents/3650244262337/NOK-front-side.jpg', 'documents/3650244262337/NOK-back-side.jpg', 'Admin', '2024-12-17 16:54:18', '2024-12-24 22:18:55'),
(44, 'Shan Malik', 'Rana Imtiaz Hussain', 'shanmalik7882@gmail.com', '923350882768', 'Lahore', '140 Shan Malik Street, Lahore', '7434461347057', 'Zara Latif', '03338500278', '6498066004346', 'Wife', 'https://api.randomuser.me/portraits/men/6.jpg', 'documents/3650244262337/front-side.jpg', 'documents/3650244262337/back-side.jpg', 'documents/3650244262337/NOK-front-side.jpg', 'documents/3650244262337/NOK-back-side.jpg', 'Admin', '2024-12-05 16:54:18', '2024-12-24 22:18:55'),
(45, 'Shan Malik', 'Rana Imtiaz Hussain', 'shanmalik5343@gmail.com', '923359795001', 'Lahore', '283 Shan Malik Street, Lahore', '3808931243385', 'Usman Ali', '03339134053', '6449610894386', 'Wife', 'https://api.randomuser.me/portraits/men/52.jpg', 'documents/3650244262337/front-side.jpg', 'documents/3650244262337/back-side.jpg', 'documents/3650244262337/NOK-front-side.jpg', 'documents/3650244262337/NOK-back-side.jpg', 'Admin', '2024-12-11 16:54:18', '2024-12-24 22:18:55'),
(46, 'Mahnoor Anwar', 'Rana Imtiaz Hussain', 'mahnooranwar6301@gmail.com', '923384172165', 'Lahore', '482 Mahnoor Anwar Street, Lahore', '7872952466872', 'Ibrahim Zaid', '03332424962', '4281959093342', 'Husband', 'https://api.randomuser.me/portraits/men/11.jpg', 'documents/3650244262337/front-side.jpg', 'documents/3650244262337/back-side.jpg', 'documents/3650244262337/NOK-front-side.jpg', 'documents/3650244262337/NOK-back-side.jpg', 'Admin', '2024-12-09 16:54:18', '2024-12-24 22:18:55'),
(47, 'Zara Latif', 'Rana Imtiaz Hussain', 'zaralatif4362@gmail.com', '923321076364', 'Lahore', '688 Zara Latif Street, Lahore', '2219608375035', 'Shan Malik', '03333313991', '9781382677246', 'Wife', 'https://api.randomuser.me/portraits/men/70.jpg', 'documents/3650244262337/front-side.jpg', 'documents/3650244262337/back-side.jpg', 'documents/3650244262337/NOK-front-side.jpg', 'documents/3650244262337/NOK-back-side.jpg', 'Admin', '2024-12-08 16:54:18', '2024-12-24 22:18:55'),
(48, 'Ahmed Zubair', 'Rana Imtiaz Hussain', 'ahmedzubair5152@gmail.com', '923337047395', 'Lahore', '728 Ahmed Zubair Street, Lahore', '4426899903808', 'Hina Yousuf', '03333183869', '3366266741438', 'Wife', 'https://api.randomuser.me/portraits/men/63.jpg', 'documents/3650244262337/front-side.jpg', 'documents/3650244262337/back-side.jpg', 'documents/3650244262337/NOK-front-side.jpg', 'documents/3650244262337/NOK-back-side.jpg', 'Admin', '2024-12-03 16:54:18', '2024-12-24 22:18:55'),
(49, 'Hina Yousuf', 'Rana Imtiaz Hussain', 'hinayousuf5435@gmail.com', '923356867777', 'Lahore', '136 Hina Yousuf Street, Lahore', '9718523057107', 'Rabia Saleem', '03336906647', '4508309956043', 'Wife', 'https://api.randomuser.me/portraits/men/40.jpg', 'documents/3650244262337/front-side.jpg', 'documents/3650244262337/back-side.jpg', 'documents/3650244262337/NOK-front-side.jpg', 'documents/3650244262337/NOK-back-side.jpg', 'Admin', '2024-11-29 16:54:18', '2024-12-24 22:18:55'),
(50, 'Samreen Anjum', 'Rana Imtiaz Hussain', 'samreenanjum4465@gmail.com', '923399381626', 'Lahore', '349 Samreen Anjum Street, Lahore', '1184621205800', 'Hassan Raza', '03336116369', '3483292985332', 'Husband', 'https://api.randomuser.me/portraits/men/79.jpg', 'documents/3650244262337/front-side.jpg', 'documents/3650244262337/back-side.jpg', 'documents/3650244262337/NOK-front-side.jpg', 'documents/3650244262337/NOK-back-side.jpg', 'Admin', '2024-12-07 16:54:18', '2024-12-24 22:18:55'),
(51, 'Samreen Anjum', 'Rana Imtiaz Hussain', 'samreenanjum7719@gmail.com', '923350633684', 'Lahore', '900 Samreen Anjum Street, Lahore', '2100599257391', 'Khadija Saeed', '03336464501', '2959399646853', 'Husband', 'https://api.randomuser.me/portraits/men/64.jpg', 'documents/3650244262337/front-side.jpg', 'documents/3650244262337/back-side.jpg', 'documents/3650244262337/NOK-front-side.jpg', 'documents/3650244262337/NOK-back-side.jpg', 'Admin', '2024-12-07 16:54:18', '2024-12-24 22:18:55'),
(53, 'Muhammd Saim', 'Rana Imtiaz Hussain', 'saimsplace@gmail.com', '923322222474', 'Lahore', '377 F a johar town lahore, None\r\nNone', '3650244265337', 'Ushna Munir', '923322222474', '3650244262337', 'Wife', 'documents/3650244262337/photo.png', 'documents/3650244262337/front-side.png', 'documents/3650244262337/back-side.png', 'documents/3650244262337/NOK-front-side.png', 'documents/3650244262337/NOK-back-side.png', 'Admin', '2024-12-24 07:38:21', '2024-12-24 22:18:55'),
(55, 'Muhammd Saim', 'Rana Imtiaz Hussain', 'saimsplacex@gmail.com', '923322222474', 'Lahore', '377 F a johar town lahore, None\r\nNone', '3650244265327', 'Ushna Munir', '923322222474', '3650244262337', 'Wife', 'documents/3650244262337/photo.png', 'documents/3650244262337/front-side.png', 'documents/3650244262337/back-side.png', 'documents/3650244262337/NOK-front-side.png', 'documents/3650244262337/NOK-back-side.png', 'Admin', '2024-12-24 08:07:56', '2024-12-24 22:18:55'),
(57, 'Muhammd Saim', 'Rana Imtiaz Hussain', 'saimsplaceccx@gmail.com', '923330000000', 'Lahore', '377 F a johar town lahore, None\r\nNone', '3650242265327', 'Ushna Munir', '923322222474', '3650244262337', 'Wife', 'documents/3650244262337/photo.png', 'documents/3650244262337/front-side.png', 'documents/3650244262337/back-side.png', 'documents/3650244262337/NOK-front-side.png', 'documents/3650244262337/NOK-back-side.png', 'Admin', '2024-12-24 09:42:24', '2024-12-24 22:18:55'),
(59, 'Muhammd Saim', 'Rana Imtiaz Hussain', 'saimsplacecccx@gmail.com', '923330000000', 'Lahore', '377 F a johar town lahore, None\r\nNone', '3650242263328', 'Ushna Munir', '923322222474', '3650244262337', 'Wife', 'documents/3650244262337/photo.png', 'documents/3650244262337/front-side.png', 'documents/3650244262337/back-side.png', 'documents/3650244262337/NOK-front-side.png', 'documents/3650244262337/NOK-back-side.png', 'Admin', '2024-12-24 09:46:45', '2024-12-24 22:18:55'),
(63, 'Muhammd Kaif', 'Rana Imtiaz Hussain', 'saimsplaceccddcx@gmail.com', '923331000000', 'Sahiwal', '377 F a johar town lahore, None\r\nNone', '3650242263389', 'Ushna Munir', '923322222474', '3650244262337', 'Wife', 'documents/3650244262337/photo.png', 'documents/3650244262337/front-side.png', 'documents/3650242263389/back-side.jpg', 'documents/3650244262337/NOK-front-side.png', 'documents/3650244262337/NOK-back-side.png', 'Admin', '2024-12-24 11:45:33', '2024-12-25 12:38:44'),
(70, 'MURAD', 'NAEEM KHAN', 'muradnaeem@gmail.com', '923331000000', 'Lahore', '377 F a johar town lahore, None\r\nNone', '3650242263388', 'Ushna Munir', '923322222474', '3650244262337', 'Wife', 'documents/3650242263388/photo.jpg', '', '', '', 'documents/3650242263389/NOK-back-side.png', 'Admin', '2025-01-05 15:53:53', '2025-01-05 15:56:19'),
(71, 'Umer Irshad', 'Azeem Khalid', 'umerazeem@gmail.com', ' 923330000000', 'Sheikhupura', 'df sdfsdfsd', '3502442652337', 'Azeem Khalid', ' 923330000000', '3502442652337', 'Father', 'documents/3502442652337/photo.jpg', 'documents/3502442652337/front-side.jpg', 'documents/3502442652337/back-side.jpg', 'documents/3502442652337/NOK-front-side.jpg', 'documents/3502442652337/NOK-back-side.jpg', 'Admin', '2025-01-05 16:53:31', '2025-01-05 21:53:31'),
(72, 'Kaleem Raza', 'Raza Kalid', 'kaleem@gmail.com', '923322222474', 'Islamabad', 'Lahore', '3650244722337', 'Zainab Mehmood', '923322222474', '3650244722337', 'Wife', 'documents/3650244722337/photo.png', 'documents/3650244722337/front-side.jpeg', 'documents/3650244722337/back-side.jpeg', 'documents/3650244722337/NOK-front-side.jpeg', 'documents/3650244722337/NOK-back-side.jpeg', 'Admin', '2025-01-05 17:27:50', '2025-01-05 22:27:50'),
(73, 'saim', '', '', '92332', '', '', '365024262550', '', '', '', '', '', '', '', '', '', '', '2025-01-12 12:34:23', '2025-01-12 17:35:02'),
(75, 'ali', '', 'ali-35202@mailinator.com', '9233000452', '', '', '35202', '', '', '', '', '', '', '', '', '', '', '0000-00-00 00:00:00', '2025-01-12 17:41:26'),
(76, 'ali', '', 'ali-352025@mailinator.com', '9233000452', '', '', '352025', '', '', '', '', '', '', '', '', '', '', '0000-00-00 00:00:00', '2025-01-12 17:41:59'),
(77, 'Ali Ahmed', '', 'Ali Ahmed-3650244262330@mailinator.com', '9233987654321', '', '', '3650244262330', '', '', '', '', '', '', '', '', '', '', '0000-00-00 00:00:00', '2025-01-12 19:55:30'),
(78, 'saun', '', 'saun-12121212@mailinator.com', '9230055455', '', '', '12121212', '', '', '', '', '', '', '', '', '', '', '0000-00-00 00:00:00', '2025-01-12 19:57:43'),
(79, 'sa', '', 'sa-12313213@mailinator.com', '923302222474', '', '', '12313213', '', '', '', '', '/img/user.png', '', '', '', '', '', '0000-00-00 00:00:00', '2025-01-13 15:20:59'),
(80, 'saimimtiaz', '', 'saimimtiaz-123213213@mailinator.com', '923303213212', '', '', '123213213', '', '', '', '', 'img/user.png', '', '', '', '', '', '0000-00-00 00:00:00', '2025-01-13 15:43:58'),
(81, 'saim imtiaz', '', 'saim imtiaz-12313123@mailinator.com', '9233022211', '', '', '12313123', '', '', '', '', 'img/user.png', '', '', '', '', '', '0000-00-00 00:00:00', '2025-01-13 15:46:48'),
(82, 'Ali Awan', '', 'Ali Awan-3655244262337@mailinator.com', '923336661007', '', '', '3655244262337', '', '', '', '', 'img/user.png', '', '', '', '', '', '0000-00-00 00:00:00', '2025-01-13 23:38:26'),
(83, 'saim', '', 'saim-2312312312331@mailinator.com', '93323121212', '', '', '2312312312331', '', '', '', '', 'img/user.png', '', '', '', '', '', '0000-00-00 00:00:00', '2025-01-13 23:50:10'),
(84, 'Ali Ahmed', '', 'Ali Ahmed-3650244262300@mailinator.com', '9233987654321', '', '', '3650244262300', '', '', '', '', 'img/user.png', '', '', '', '', '', '0000-00-00 00:00:00', '2025-01-14 21:35:07'),
(85, 'ali', '', 'ali-3050244262337@mailinator.com', '9230004222211', '', '', '3050244262337', '', '', '', '', 'img/user.png', '', '', '', '', '', '0000-00-00 00:00:00', '2025-01-14 23:19:44'),
(86, 'Mukhtar Arshad', '', 'Mukhtar Arshad-3520244262337@mailinator.com', '923004446985', '', '', '3520244262337', '', '', '', '', 'img/user.png', '', '', '', '', '', '0000-00-00 00:00:00', '2025-01-15 21:20:52'),
(87, 'Ali Ahmed', '', 'Ali Ahmed-365024426233@mailinator.com', '9233987654321', '', '', '365024426233', '', '', '', '', 'img/user.png', '', '', '', '', '', '0000-00-00 00:00:00', '2025-01-18 13:06:12');

-- --------------------------------------------------------

--
-- Table structure for table `inventory`
--

DROP TABLE IF EXISTS `inventory`;
CREATE TABLE IF NOT EXISTS `inventory` (
  `id` int NOT NULL AUTO_INCREMENT,
  `name` varchar(255) NOT NULL,
  `size` varchar(50) NOT NULL,
  `type` varchar(50) NOT NULL,
  `project` varchar(255) NOT NULL,
  `code` varchar(50) NOT NULL,
  `created_date` datetime DEFAULT CURRENT_TIMESTAMP,
  `booking_date` datetime DEFAULT NULL,
  `status` varchar(50) NOT NULL DEFAULT 'available',
  `floor` varchar(255) NOT NULL,
  `customer_id` int DEFAULT NULL,
  PRIMARY KEY (`id`),
  KEY `fk_customer` (`customer_id`)
) ENGINE=MyISAM AUTO_INCREMENT=68 DEFAULT CHARSET=utf8mb4 COLLATE=utf8mb4_0900_ai_ci;

--
-- Dumping data for table `inventory`
--

INSERT INTO `inventory` (`id`, `name`, `size`, `type`, `project`, `code`, `created_date`, `booking_date`, `status`, `floor`, `customer_id`) VALUES
(11, 'fX-23', '150', 'apartment', 'pearl-one', 'FC-ABS-001', '2024-12-25 06:49:33', '2025-01-05 18:38:56', 'booked', '6', 29),
(10, 'fc-32', '150', 'apartment', 'pearl-one', 'FC-ABS-001', '2024-12-25 06:48:51', '2025-01-05 21:43:53', 'booked', '5', 70),
(8, 'fc-33', '150', 'apartment', 'pearl-one', 'FC-ABS-001', '2024-12-19 14:56:41', '2025-01-06 17:06:13', 'booked', '23', 72),
(6, 'fc-34', '150', 'apartment', 'pearl-one', 'FC-ABS-001', '2024-12-19 12:41:04', '2025-01-07 15:35:54', 'booked', '2', 59),
(9, 'fc-35', '150', 'apartment', 'pearl-one', 'FC-ABS-001', '2024-12-25 06:48:42', '0000-00-00 00:00:00', 'available', '5', NULL),
(18, 'fc-36', '150', 'apartment', 'pearl-one', 'FC-ABS-001', '2024-12-25 06:57:49', '0000-00-00 00:00:00', 'available', '3', NULL),
(19, 'fc-37', '150', 'apartment', 'pearl-one', 'FC-ABS-001', '2024-12-25 07:02:01', '0000-00-00 00:00:00', 'available', '3', NULL),
(1, 'fc-38', '150', 'apartment', 'pearl-one', 'FC-ABS-001', '2024-12-25 07:02:07', '0000-00-00 00:00:00', 'available', '3', NULL),
(21, 'fc-39', '150', 'apartment', 'pearl-one', 'FC-ABS-001', '2024-12-25 07:05:03', '0000-00-00 00:00:00', 'booked', '3', 63),
(23, 'fc-40', '150', 'apartment', 'pearl-one', 'FC-ABS-001', '2024-12-25 07:21:35', '0000-00-00 00:00:00', 'booked', '3', 63),
(24, 'fc-31', '150', 'apartment', 'pearl-one', 'FC-ABS-001', '2024-12-25 07:21:49', '0000-00-00 00:00:00', 'available', '6', NULL),
(25, 'fc-23', '150', 'apartment', 'pearl-one', 'FC-ABS-001', '2024-12-25 07:22:07', '2025-01-06 23:42:03', 'booked', '3', 72),
(26, 'fc-230', '150', 'apartment', 'pearl-one', 'FC-ABS-001', '2024-12-25 11:44:58', '0000-00-00 00:00:00', 'Reserved', '3', 63),
(27, 'fc-23', '150', 'apartment', 'pearl-one', 'FC-ABS-001', '2024-12-25 11:45:24', '2025-01-08 00:27:18', 'booked', '3', 72),
(28, 'fc-23', '150', 'apartment', 'pearl-one', 'FC-ABS-001', '2024-12-25 12:08:06', '0000-00-00 00:00:00', 'available', '3', NULL),
(29, 'fc-23', '150', 'apartment', 'pearl-one', 'FC-ABS-001', '2024-12-25 12:16:54', '0000-00-00 00:00:00', 'available', '3', NULL),
(30, 'fc-23', '150', 'apartment', 'pearl-one', 'FC-ABS-001', '2024-12-25 13:58:12', '0000-00-00 00:00:00', 'available', '3', NULL),
(32, 'BC-23', '150', 'apartment', 'pearl-one', 'FC-ABS-001', '2024-12-25 13:59:34', '0000-00-00 00:00:00', 'booked', '3', 5),
(33, 'fc-23', '150', 'apartment', 'pearl-one', 'FC-ABS-001', '2024-12-25 14:00:22', '2025-01-05 19:16:57', '', '3', 26),
(35, 'DC-23', '200', 'apartment', 'pearl-one', 'FC-ABS-001', '2024-12-25 14:09:10', '2024-12-25 00:00:00', 'Reserved', '4', 42),
(38, 'XYZ-1', '150', 'apartment', 'pearl-one', 'FC-ABS-001', '2025-01-05 20:57:59', '2025-01-05 21:01:24', 'booked', '3', 70),
(36, 'fc-230', '150', 'apartment', 'pearl-one', 'FC-ABS-001', '2024-12-27 23:29:07', '0000-00-00 00:00:00', 'booked', '3', 43),
(37, 'abs-1', '150', 'apartment', 'pearl-one', 'FC-ABS-001', '2025-01-05 18:41:16', '2025-01-05 21:37:01', 'booked', '4', 70),
(39, 'ABCD-1', '150', 'apartment', 'pearl-one', 'FC-ABS-001', '2025-01-05 22:29:06', '2025-01-06 11:58:37', 'booked', '3', 72),
(40, 'asdsad', '', 'plot', 'Tulip Exective Sec-C BTL', 'asdsad-plot-Tulip Exective Sec-C BTL', '2025-01-13 23:25:25', '2025-01-13 18:25:25', 'booked', 'Tulip Exective Sec-C BTL', 1),
(41, 'ABCD-2', '', 'Plot', 'Tulip Exective Sec-C BTL', 'ABCD-2-Plot-Tulip Exective Sec-C BTL', '2025-01-13 23:39:26', '2025-01-13 18:39:26', 'booked', 'Tulip Exective Sec-C BTL', 82),
(42, 'ABCD-3', '', 'Plot', 'Tulip Exective Sec-C BTL', 'ABCD-3-Plot-Tulip Exective Sec-C BTL', '2025-01-13 23:47:02', '2025-01-13 18:47:02', 'booked', 'Tulip Exective Sec-C BTL', 1),
(43, '23131', '', 'Plot', 'Tulip Exective Sec-C BTL', '23131-Plot-Tulip Exective Sec-C BTL', '2025-01-13 23:50:13', '2025-01-13 18:50:13', 'booked', 'Tulip Exective Sec-C BTL', 83),
(44, '384-E', '', 'Plot', 'Tulip Exect1ive Sec-C BTL', '384-E-Plot-Tulip Exect1ive Sec-C BTL', '2025-01-14 18:42:51', '2025-01-14 13:42:51', 'booked', 'Tulip Exect1ive Sec-C BTL', 1),
(45, '13123', '', 'Plot', 'Tulip Exect1ive Sec-C BTL', '13123-Plot-Tulip Exect1ive Sec-C BTL', '2025-01-14 18:44:05', '2025-01-14 13:44:05', 'booked', 'Tulip Exect1ive Sec-C BTL', 1),
(46, '131232', '', 'Plot', 'Tulip Exect1ive Sec-C BTL', '131232-Plot-Tulip Exect1ive Sec-C BTL', '2025-01-14 18:44:48', '2025-01-14 13:44:48', 'booked', 'Tulip Exect1ive Sec-C BTL', 1),
(47, 'asdasdasdasd', '', 'Plot', 'Tulip Exect1ive Sec-C BTL', 'asdasdasdasd-Plot-Tulip Exect1ive Sec-C BTL', '2025-01-14 18:45:58', '2025-01-14 13:45:58', 'booked', 'Tulip Exect1ive Sec-C BTL', 1),
(48, 'BXC-1', '', 'Plot', 'Tulip Exect1ive Sec-C BTL', 'BXC-1-Plot-Tulip Exect1ive Sec-C BTL', '2025-01-14 21:35:20', '2025-01-14 16:35:20', 'booked', 'Tulip Exect1ive Sec-C BTL', 84),
(49, 'fX-23', '', 'Plot', 'Tulip Exect1ive Sec-C BTL', 'fX-23-Plot-Tulip Exect1ive Sec-C BTL', '2025-01-14 22:05:15', '2025-01-14 17:05:15', 'booked', 'Tulip Exect1ive Sec-C BTL', 1),
(50, 'sadfsdfsfd', '', 'Plot', 'Tulip Exect1ive Sec-C BTL', 'sadfsdfsfd-Plot-Tulip Exect1ive Sec-C BTL', '2025-01-14 23:19:46', '2025-01-14 18:19:46', 'booked', 'Tulip Exect1ive Sec-C BTL', 85),
(51, 'Plot Number 384-E', '', 'Plot', 'Tulip Exect1ive Sec-C BTL', 'Plot Number 384-E-Plot-Tulip Exect1ive Sec-C BTL', '2025-01-15 13:09:06', '2025-01-15 08:09:06', 'booked', 'Tulip Exect1ive Sec-C BTL', 1),
(52, '377-F ', '', 'Plot', 'Tulip Exect1ive Sec-C BTL', '377-F -Plot-Tulip Exect1ive Sec-C BTL', '2025-01-15 21:23:11', '2025-01-15 16:23:11', 'booked', 'Tulip Exect1ive Sec-C BTL', 86),
(53, '3232', '', 'Plot', 'Tulip Exect1ive Sec-C BTL', '3232-Plot-Tulip Exect1ive Sec-C BTL', '2025-01-18 13:02:19', '2025-01-18 08:02:19', 'booked', 'Tulip Exect1ive Sec-C BTL', 1),
(54, '23232', '', 'Plot', 'Tulip Exect1ive Sec-C BTL', '23232-Plot-Tulip Exect1ive Sec-C BTL', '2025-01-18 13:06:26', '2025-01-18 08:06:26', 'booked', 'Tulip Exect1ive Sec-C BTL', 87),
(55, '23233', '', 'Plot', 'Tulip Exect1ive Sec-C BTL', '23233-Plot-Tulip Exect1ive Sec-C BTL', '2025-01-18 13:06:59', '2025-01-18 08:06:59', 'booked', 'Tulip Exect1ive Sec-C BTL', 87),
(56, '384-', '', 'Plot', 'Tulip Exect1ive Sec-C BTL', '384--Plot-Tulip Exect1ive Sec-C BTL', '2025-01-18 14:49:41', '2025-01-18 09:49:41', 'booked', 'Tulip Exect1ive Sec-C BTL', 1),
(57, '94-C', '', 'Plot', 'Tulip Exect1ive Sec-C BTL', '94-C-Plot-Tulip Exect1ive Sec-C BTL', '2025-01-18 15:04:36', '2025-01-18 10:04:36', 'booked', 'Tulip Exect1ive Sec-C BTL', 1),
(58, '123123', '', 'Plot', 'Tulip Exect1ive Sec-C BTL', '123123-Plot-Tulip Exect1ive Sec-C BTL', '2025-01-19 07:36:37', '2025-01-19 02:36:37', 'booked', 'Tulip Exect1ive Sec-C BTL', 1),
(59, 'sdsa', '', 'Plot', 'Tulip Exect1ive Sec-C BTL', 'sdsa-Plot-Tulip Exect1ive Sec-C BTL', '2025-01-19 07:44:26', '2025-01-19 02:44:26', 'booked', 'Tulip Exect1ive Sec-C BTL', 1),
(60, 'sdfsdf', '', 'Plot', 'Tulip Exect1ive Sec-C BTL', 'sdfsdf-Plot-Tulip Exect1ive Sec-C BTL', '2025-01-19 07:46:57', '2025-01-19 02:46:57', 'booked', 'Tulip Exect1ive Sec-C BTL', 1),
(61, '21212', '', 'Plot', 'Tulip Exect1ive Sec-C BTL', '21212-Plot-Tulip Exect1ive Sec-C BTL', '2025-01-19 07:47:25', '2025-01-19 02:47:25', 'booked', 'Tulip Exect1ive Sec-C BTL', 1),
(62, '2121', '', 'Plot', 'Tulip Exect1ive Sec-C BTL', '2121-Plot-Tulip Exect1ive Sec-C BTL', '2025-01-19 07:51:22', '2025-01-19 02:51:22', 'booked', 'Tulip Exect1ive Sec-C BTL', 1),
(63, 'SDFSD', '', 'Plot', 'Tulip Exect1ive Sec-C BTL', 'SDFSD-Plot-Tulip Exect1ive Sec-C BTL', '2025-01-19 08:18:53', '2025-01-19 03:18:53', 'booked', 'Tulip Exect1ive Sec-C BTL', 1),
(64, 'kklK', '', 'Plot', 'Tulip Exect1ive Sec-C BTL', 'kklK-Plot-Tulip Exect1ive Sec-C BTL', '2025-01-19 08:19:45', '2025-01-19 03:19:45', 'booked', 'Tulip Exect1ive Sec-C BTL', 1),
(65, 'KK aLPHA', '', 'Plot', 'Tulip Exect1ive Sec-C BTL', 'KK aLPHA-Plot-Tulip Exect1ive Sec-C BTL', '2025-01-19 08:20:22', '2025-01-19 03:20:22', 'booked', 'Tulip Exect1ive Sec-C BTL', 1),
(66, '8-25', '', 'Plot', 'Tulip Exect1ive Sec-C BTL', '8-25-Plot-Tulip Exect1ive Sec-C BTL', '2025-01-19 08:25:31', '2025-01-19 03:25:31', 'booked', 'Tulip Exect1ive Sec-C BTL', 1),
(67, '22', '', 'Plot', 'Tulip Exect1ive Sec-C BTL', '22-Plot-Tulip Exect1ive Sec-C BTL', '2025-01-19 08:50:04', '2025-01-19 03:50:04', 'booked', 'Tulip Exect1ive Sec-C BTL', 1);

-- --------------------------------------------------------

--
-- Table structure for table `payment`
--

DROP TABLE IF EXISTS `payment`;
CREATE TABLE IF NOT EXISTS `payment` (
  `id` int NOT NULL AUTO_INCREMENT,
  `Payment_Description` varchar(255) CHARACTER SET utf8mb4 COLLATE utf8mb4_0900_ai_ci NOT NULL,
  `Installment_No` int NOT NULL,
  `Due_Date` varchar(255) NOT NULL,
  `Due_Amt` decimal(10,2) NOT NULL,
  `Receipt_Amt` decimal(10,2) NOT NULL,
  `os_amt` decimal(10,2) NOT NULL,
  `Discount_Amt` decimal(10,2) NOT NULL DEFAULT '0.00',
  `amount_in_words` text CHARACTER SET utf8mb4 COLLATE utf8mb4_0900_ai_ci,
  `receive_mount_in_words` text,
  `remaining_mount_in_words` text,
  `Inventory_id` int DEFAULT NULL,
  `created_at` timestamp NULL DEFAULT CURRENT_TIMESTAMP,
  `update_At` timestamp NULL DEFAULT CURRENT_TIMESTAMP ON UPDATE CURRENT_TIMESTAMP,
  `due_date_u` bigint DEFAULT NULL,
  `issue_by` varchar(255) NOT NULL,
  `customer_id` int DEFAULT NULL,
  PRIMARY KEY (`id`),
  KEY `fk_customer_id` (`customer_id`),
  KEY `fk_Inventory_id` (`Inventory_id`)
) ENGINE=MyISAM AUTO_INCREMENT=10306 DEFAULT CHARSET=utf8mb4 COLLATE=utf8mb4_0900_ai_ci;

--
-- Dumping data for table `payment`
--

INSERT INTO `payment` (`id`, `Payment_Description`, `Installment_No`, `Due_Date`, `Due_Amt`, `Receipt_Amt`, `os_amt`, `Discount_Amt`, `amount_in_words`, `receive_mount_in_words`, `remaining_mount_in_words`, `Inventory_id`, `created_at`, `update_At`, `due_date_u`, `issue_by`, `customer_id`) VALUES
(1, 'Processing Fee', 0, '2024-01-01', 60000.00, 60000.00, 0.00, 0.00, '', NULL, NULL, 36, '2024-12-29 10:51:12', '2024-12-29 17:47:41', 1735689600, '', 43),
(2, 'Down payment', 0, '2025-01-01', 1000000.00, 1000000.00, 0.00, 0.00, '', NULL, NULL, 36, '2024-12-29 10:51:12', '2024-12-29 13:28:47', 1735689600, '', 43),
(3, 'Installment', 1, '2025-01-01', 439667.00, 439667.00, 0.00, 0.00, '', NULL, NULL, 36, '2024-12-29 10:51:12', '2024-12-29 13:28:06', 1735689600, '', 43),
(4, 'Installment', 2, '2025-02-01', 439667.00, 439667.00, 0.00, 0.00, '', NULL, NULL, 36, '2024-12-29 10:51:12', '2024-12-29 13:28:14', 1738368000, '', 43),
(5, 'Installment', 3, '2025-03-01', 439667.00, 439667.00, 0.00, 0.00, '', NULL, NULL, 36, '2024-12-29 10:51:12', '2024-12-29 13:28:39', 1740787200, '', 43),
(6, 'Installment', 4, '2025-04-01', 439667.00, 439667.00, 0.00, 0.00, '', NULL, NULL, 36, '2024-12-29 10:51:12', '2024-12-29 17:13:42', 1743465600, '', 43),
(7, 'Installment', 5, '2025-05-01', 439667.00, 439667.00, 0.00, 0.00, '', NULL, NULL, 36, '2024-12-29 10:51:12', '2024-12-29 17:13:49', 1746057600, '', 43),
(8, 'Every 6 Month Installment', 6, '2025-06-01', 435000.00, 435000.00, 0.00, 0.00, '', NULL, NULL, 36, '2024-12-29 10:51:12', '2025-01-07 17:43:56', 1748736000, '', 43),
(9, 'Installment', 7, '2025-07-01', 439667.00, 6672.00, 432995.00, 0.00, '', NULL, NULL, 36, '2024-12-29 10:51:12', '2025-01-07 19:07:18', 1751328000, '', 43),
(10, 'Installment', 8, '2025-08-01', 439667.00, 0.00, 439667.00, 0.00, '', NULL, NULL, 36, '2024-12-29 10:51:12', '2024-12-29 10:51:12', 1754006400, '', 43),
(11, 'Installment', 9, '2025-09-01', 439667.00, 0.00, 439667.00, 0.00, '', NULL, NULL, 36, '2024-12-29 10:51:12', '2024-12-29 10:51:12', 1756684800, '', 43),
(12, 'Installment', 10, '2025-10-01', 439667.00, 0.00, 439667.00, 0.00, '', NULL, NULL, 36, '2024-12-29 10:51:12', '2024-12-29 10:51:12', 1759276800, '', 43),
(13, 'Installment', 11, '2025-11-01', 439667.00, 0.00, 439667.00, 0.00, '', NULL, NULL, 36, '2024-12-29 10:51:12', '2024-12-29 10:51:12', 1761955200, '', 43),
(14, 'Every 6 Month Installment', 12, '2025-12-01', 435000.00, 0.00, 435000.00, 0.00, '', NULL, NULL, 36, '2024-12-29 10:51:12', '2024-12-29 10:51:12', 1764547200, '', 43),
(15, 'Installment', 13, '2026-01-01', 439667.00, 0.00, 439667.00, 0.00, '', NULL, NULL, 36, '2024-12-29 10:51:12', '2024-12-29 10:51:12', 1767225600, '', 43),
(16, 'Installment', 14, '2026-02-01', 439667.00, 0.00, 439667.00, 0.00, '', NULL, NULL, 36, '2024-12-29 10:51:12', '2024-12-29 10:51:12', 1769904000, '', 43),
(17, 'Installment', 15, '2026-03-01', 439667.00, 0.00, 439667.00, 0.00, '', NULL, NULL, 36, '2024-12-29 10:51:12', '2024-12-29 10:51:12', 1772323200, '', 43),
(18, 'Installment', 16, '2026-04-01', 439667.00, 0.00, 439667.00, 0.00, '', NULL, NULL, 36, '2024-12-29 10:51:12', '2024-12-29 10:51:12', 1775001600, '', 43),
(19, 'Installment', 17, '2026-05-01', 439667.00, 0.00, 439667.00, 0.00, '', NULL, NULL, 36, '2024-12-29 10:51:12', '2024-12-29 10:51:12', 1777593600, '', 43),
(20, 'Every 6 Month Installment', 18, '2026-06-01', 435000.00, 0.00, 435000.00, 0.00, '', NULL, NULL, 36, '2024-12-29 10:51:12', '2024-12-29 10:51:12', 1780272000, '', 43),
(21, 'Last Payment ', 0, '2026-06-01', 100000.00, 0.00, 100000.00, 0.00, '', NULL, NULL, 36, '2024-12-29 10:51:12', '2024-12-29 10:51:12', 1780272000, '', 43),
(22, 'Processing Fee', 0, '2024-05-01', 60000.00, 60000.00, 0.00, 0.00, '', NULL, NULL, 23, '2024-12-29 17:50:09', '2025-01-07 17:44:43', 1714521600, '', 63),
(23, 'Down payment', 0, '2024-05-01', 1000000.00, 50000.00, 950000.00, 0.00, '', NULL, NULL, 23, '2024-12-29 17:50:09', '2025-01-07 17:49:44', 1714521600, '', 63),
(24, 'Installment', 1, '2024-05-01', 439667.00, 439667.00, 0.00, 0.00, '', NULL, NULL, 23, '2024-12-29 17:50:09', '2024-12-29 18:40:00', 1714521600, '', 63),
(25, 'Installment', 2, '2024-06-01', 439667.00, 0.00, 439667.00, 0.00, '', NULL, NULL, 23, '2024-12-29 17:50:09', '2024-12-29 17:50:09', 1717200000, '', 63),
(26, 'Installment', 3, '2024-07-01', 439667.00, 0.00, 439667.00, 0.00, '', NULL, NULL, 23, '2024-12-29 17:50:09', '2024-12-29 17:50:09', 1719792000, '', 63),
(27, 'Installment', 4, '2024-08-01', 439667.00, 0.00, 439667.00, 0.00, '', NULL, NULL, 23, '2024-12-29 17:50:09', '2024-12-29 17:50:09', 1722470400, '', 63),
(28, 'Installment', 5, '2024-09-01', 439667.00, 0.00, 439667.00, 0.00, '', NULL, NULL, 23, '2024-12-29 17:50:09', '2024-12-29 17:50:09', 1725148800, '', 63),
(29, 'Every 6 Month Installment', 6, '2024-10-01', 435000.00, 0.00, 435000.00, 0.00, '', NULL, NULL, 23, '2024-12-29 17:50:09', '2024-12-29 17:50:09', 1727740800, '', 63),
(30, 'Installment', 7, '2024-11-01', 439667.00, 0.00, 439667.00, 0.00, '', NULL, NULL, 23, '2024-12-29 17:50:09', '2024-12-29 17:50:09', 1730419200, '', 63),
(31, 'Installment', 8, '2024-12-01', 439667.00, 0.00, 439667.00, 0.00, '', NULL, NULL, 23, '2024-12-29 17:50:09', '2024-12-29 17:50:09', 1733011200, '', 63),
(32, 'Installment', 9, '2025-01-01', 439667.00, 0.00, 439667.00, 0.00, '', NULL, NULL, 23, '2024-12-29 17:50:09', '2024-12-29 17:50:09', 1735689600, '', 63),
(33, 'Installment', 10, '2025-02-01', 439667.00, 0.00, 439667.00, 0.00, '', NULL, NULL, 23, '2024-12-29 17:50:09', '2024-12-29 17:50:09', 1738368000, '', 63),
(34, 'Installment', 11, '2025-03-01', 439667.00, 0.00, 439667.00, 0.00, '', NULL, NULL, 23, '2024-12-29 17:50:09', '2024-12-29 17:50:09', 1740787200, '', 63),
(35, 'Every 6 Month Installment', 12, '2025-04-01', 435000.00, 0.00, 435000.00, 0.00, '', NULL, NULL, 23, '2024-12-29 17:50:09', '2024-12-29 17:50:09', 1743465600, '', 63),
(36, 'Installment', 13, '2025-05-01', 439667.00, 0.00, 439667.00, 0.00, '', NULL, NULL, 23, '2024-12-29 17:50:09', '2024-12-29 17:50:09', 1746057600, '', 63),
(37, 'Installment', 14, '2025-06-01', 439667.00, 0.00, 439667.00, 0.00, '', NULL, NULL, 23, '2024-12-29 17:50:09', '2024-12-29 17:50:09', 1748736000, '', 63),
(38, 'Installment', 15, '2025-07-01', 439667.00, 0.00, 439667.00, 0.00, '', NULL, NULL, 23, '2024-12-29 17:50:09', '2024-12-29 17:50:09', 1751328000, '', 63),
(39, 'Installment', 16, '2025-08-01', 439667.00, 0.00, 439667.00, 0.00, '', NULL, NULL, 23, '2024-12-29 17:50:09', '2024-12-29 17:50:09', 1754006400, '', 63),
(40, 'Installment', 17, '2025-09-01', 439667.00, 0.00, 439667.00, 0.00, '', NULL, NULL, 23, '2024-12-29 17:50:09', '2024-12-29 17:50:09', 1756684800, '', 63),
(41, 'Every 6 Month Installment', 18, '2025-10-01', 435000.00, 0.00, 435000.00, 0.00, '', NULL, NULL, 23, '2024-12-29 17:50:09', '2024-12-29 17:50:09', 1759276800, '', 63),
(42, 'Last Payment ', 0, '2025-10-01', 100000.00, 100000.00, 0.00, 0.00, '', NULL, NULL, 23, '2024-12-29 17:50:09', '2024-12-29 18:37:51', 1759276800, '', 63),
(43, 'Processing Fee', 0, '2024-05-01', 60000.00, 0.00, 60000.00, 0.00, '', NULL, NULL, 32, '2025-01-05 08:59:15', '2025-01-05 08:59:15', 1714521600, '', 5),
(44, 'Down payment', 0, '2024-05-01', 1000000.00, 0.00, 1000000.00, 0.00, '', NULL, NULL, 32, '2025-01-05 08:59:15', '2025-01-05 08:59:15', 1714521600, '', 5),
(45, 'Installment', 1, '2024-05-01', 439667.00, 0.00, 439667.00, 0.00, '', NULL, NULL, 32, '2025-01-05 08:59:15', '2025-01-05 08:59:15', 1714521600, '', 5),
(46, 'Installment', 2, '2024-06-01', 439667.00, 0.00, 439667.00, 0.00, '', NULL, NULL, 32, '2025-01-05 08:59:15', '2025-01-05 08:59:15', 1717200000, '', 5),
(47, 'Installment', 3, '2024-07-01', 439667.00, 0.00, 439667.00, 0.00, '', NULL, NULL, 32, '2025-01-05 08:59:15', '2025-01-05 08:59:15', 1719792000, '', 5),
(48, 'Installment', 4, '2024-08-01', 439667.00, 0.00, 439667.00, 0.00, '', NULL, NULL, 32, '2025-01-05 08:59:15', '2025-01-05 08:59:15', 1722470400, '', 5),
(49, 'Installment', 5, '2024-09-01', 439667.00, 0.00, 439667.00, 0.00, '', NULL, NULL, 32, '2025-01-05 08:59:15', '2025-01-05 08:59:15', 1725148800, '', 5),
(50, 'Every 6 Month Installment', 6, '2024-10-01', 435000.00, 0.00, 435000.00, 0.00, '', NULL, NULL, 32, '2025-01-05 08:59:15', '2025-01-05 08:59:15', 1727740800, '', 5),
(51, 'Installment', 7, '2024-11-01', 439667.00, 0.00, 439667.00, 0.00, '', NULL, NULL, 32, '2025-01-05 08:59:15', '2025-01-05 08:59:15', 1730419200, '', 5),
(52, 'Installment', 8, '2024-12-01', 439667.00, 0.00, 439667.00, 0.00, '', NULL, NULL, 32, '2025-01-05 08:59:15', '2025-01-05 08:59:15', 1733011200, '', 5),
(53, 'Installment', 9, '2025-01-01', 439667.00, 0.00, 439667.00, 0.00, '', NULL, NULL, 32, '2025-01-05 08:59:15', '2025-01-05 08:59:15', 1735689600, '', 5),
(54, 'Installment', 10, '2025-02-01', 439667.00, 0.00, 439667.00, 0.00, '', NULL, NULL, 32, '2025-01-05 08:59:15', '2025-01-05 08:59:15', 1738368000, '', 5),
(55, 'Installment', 11, '2025-03-01', 439667.00, 0.00, 439667.00, 0.00, '', NULL, NULL, 32, '2025-01-05 08:59:15', '2025-01-05 08:59:15', 1740787200, '', 5),
(56, 'Every 6 Month Installment', 12, '2025-04-01', 435000.00, 0.00, 435000.00, 0.00, '', NULL, NULL, 32, '2025-01-05 08:59:15', '2025-01-05 08:59:15', 1743465600, '', 5),
(57, 'Installment', 13, '2025-05-01', 439667.00, 0.00, 439667.00, 0.00, '', NULL, NULL, 32, '2025-01-05 08:59:15', '2025-01-05 08:59:15', 1746057600, '', 5),
(58, 'Installment', 14, '2025-06-01', 439667.00, 0.00, 439667.00, 0.00, '', NULL, NULL, 32, '2025-01-05 08:59:15', '2025-01-05 08:59:15', 1748736000, '', 5),
(59, 'Installment', 15, '2025-07-01', 439667.00, 0.00, 439667.00, 0.00, '', NULL, NULL, 32, '2025-01-05 08:59:15', '2025-01-05 08:59:15', 1751328000, '', 5),
(60, 'Installment', 16, '2025-08-01', 439667.00, 0.00, 439667.00, 0.00, '', NULL, NULL, 32, '2025-01-05 08:59:15', '2025-01-05 08:59:15', 1754006400, '', 5),
(61, 'Installment', 17, '2025-09-01', 439667.00, 0.00, 439667.00, 0.00, '', NULL, NULL, 32, '2025-01-05 08:59:15', '2025-01-05 08:59:15', 1756684800, '', 5),
(62, 'Every 6 Month Installment', 18, '2025-10-01', 435000.00, 0.00, 435000.00, 0.00, '', NULL, NULL, 32, '2025-01-05 08:59:15', '2025-01-05 08:59:15', 1759276800, '', 5),
(63, 'Last Payment ', 0, '2025-10-01', 100000.00, 0.00, 100000.00, 0.00, '', NULL, NULL, 32, '2025-01-05 08:59:15', '2025-01-05 08:59:15', 1759276800, '', 5),
(64, 'Processing Fee', 0, '2024-05-01', 60000.00, 50000.00, 10000.00, 0.00, '', NULL, NULL, 11, '2025-01-05 13:01:17', '2025-01-08 07:40:49', 1714521600, '', 29),
(65, 'Down payment', 0, '2024-05-01', 1000000.00, 0.00, 1000000.00, 0.00, '', NULL, NULL, 11, '2025-01-05 13:01:17', '2025-01-05 13:01:17', 1714521600, '', 29),
(66, 'Installment', 1, '2024-05-01', 878750.00, 0.00, 878750.00, 0.00, '', NULL, NULL, 11, '2025-01-05 13:01:17', '2025-01-05 13:01:17', 1714521600, '', 29),
(67, 'Installment', 2, '2024-06-01', 878750.00, 0.00, 878750.00, 0.00, '', NULL, NULL, 11, '2025-01-05 13:01:17', '2025-01-05 13:01:17', 1717200000, '', 29),
(68, 'Installment', 3, '2024-07-01', 878750.00, 0.00, 878750.00, 0.00, '', NULL, NULL, 11, '2025-01-05 13:01:17', '2025-01-05 13:01:17', 1719792000, '', 29),
(69, 'Installment', 4, '2024-08-01', 878750.00, 0.00, 878750.00, 0.00, '', NULL, NULL, 11, '2025-01-05 13:01:17', '2025-01-05 13:01:17', 1722470400, '', 29),
(70, 'Every 5 Month Installment', 5, '2024-09-01', 435000.00, 0.00, 435000.00, 0.00, '', NULL, NULL, 11, '2025-01-05 13:01:17', '2025-01-05 13:01:17', 1725148800, '', 29),
(71, 'Installment', 6, '2024-10-01', 878750.00, 0.00, 878750.00, 0.00, '', NULL, NULL, 11, '2025-01-05 13:01:17', '2025-01-05 13:01:17', 1727740800, '', 29),
(72, 'Installment', 7, '2024-11-01', 878750.00, 0.00, 878750.00, 0.00, '', NULL, NULL, 11, '2025-01-05 13:01:17', '2025-01-05 13:01:17', 1730419200, '', 29),
(73, 'Installment', 8, '2024-12-01', 878750.00, 0.00, 878750.00, 0.00, '', NULL, NULL, 11, '2025-01-05 13:01:17', '2025-01-05 13:01:17', 1733011200, '', 29),
(74, 'Installment', 9, '2025-01-01', 878750.00, 0.00, 878750.00, 0.00, '', NULL, NULL, 11, '2025-01-05 13:01:17', '2025-01-05 13:01:17', 1735689600, '', 29),
(75, 'Every 5 Month Installment', 10, '2025-02-01', 435000.00, 0.00, 435000.00, 0.00, '', NULL, NULL, 11, '2025-01-05 13:01:17', '2025-01-05 13:01:17', 1738368000, '', 29),
(76, 'Last Payment ', 0, '2025-02-01', 100000.00, 0.00, 100000.00, 0.00, '', NULL, NULL, 11, '2025-01-05 13:01:17', '2025-01-05 13:01:17', 1738368000, '', 29),
(77, 'Down payment', 0, '2024-05-01', 1000000.00, 0.00, 1000000.00, 0.00, '', NULL, NULL, 33, '2025-01-05 13:04:03', '2025-01-05 13:04:03', 1714521600, '', 38),
(78, 'Installment', 1, '2024-05-01', 886250.00, 0.00, 886250.00, 0.00, '', NULL, NULL, 33, '2025-01-05 13:04:03', '2025-01-05 13:04:03', 1714521600, '', 38),
(79, 'Installment', 2, '2024-06-01', 886250.00, 0.00, 886250.00, 0.00, '', NULL, NULL, 33, '2025-01-05 13:04:03', '2025-01-05 13:04:03', 1717200000, '', 38),
(80, 'Installment', 3, '2024-07-01', 886250.00, 0.00, 886250.00, 0.00, '', NULL, NULL, 33, '2025-01-05 13:04:03', '2025-01-05 13:04:03', 1719792000, '', 38),
(81, 'Installment', 4, '2024-08-01', 886250.00, 0.00, 886250.00, 0.00, '', NULL, NULL, 33, '2025-01-05 13:04:03', '2025-01-05 13:04:03', 1722470400, '', 38),
(82, 'Every 5 Month Installment', 5, '2024-09-01', 435000.00, 0.00, 435000.00, 0.00, '', NULL, NULL, 33, '2025-01-05 13:04:03', '2025-01-05 13:04:03', 1725148800, '', 38),
(83, 'Installment', 6, '2024-10-01', 886250.00, 0.00, 886250.00, 0.00, '', NULL, NULL, 33, '2025-01-05 13:04:03', '2025-01-05 13:04:03', 1727740800, '', 38),
(84, 'Installment', 7, '2024-11-01', 886250.00, 0.00, 886250.00, 0.00, '', NULL, NULL, 33, '2025-01-05 13:04:03', '2025-01-05 13:04:03', 1730419200, '', 38),
(85, 'Installment', 8, '2024-12-01', 886250.00, 0.00, 886250.00, 0.00, '', NULL, NULL, 33, '2025-01-05 13:04:03', '2025-01-05 13:04:03', 1733011200, '', 38),
(86, 'Installment', 9, '2025-01-01', 886250.00, 0.00, 886250.00, 0.00, '', NULL, NULL, 33, '2025-01-05 13:04:03', '2025-01-05 13:04:03', 1735689600, '', 38),
(87, 'Every 5 Month Installment', 10, '2025-02-01', 435000.00, 0.00, 435000.00, 0.00, '', NULL, NULL, 33, '2025-01-05 13:04:03', '2025-01-05 13:04:03', 1738368000, '', 38),
(88, 'Last Payment ', 0, '2025-02-01', 100000.00, 0.00, 100000.00, 0.00, '', NULL, NULL, 33, '2025-01-05 13:04:03', '2025-01-05 13:04:03', 1738368000, '', 38),
(89, 'Processing Fee', 0, '2024-05-01', 60000.00, 60000.00, 0.00, 0.00, '', NULL, NULL, 37, '2025-01-05 13:41:48', '2025-01-08 10:47:39', 1714521600, '', 4),
(90, 'Down payment', 0, '2024-05-01', 1000000.00, 0.00, 1000000.00, 0.00, '', NULL, NULL, 37, '2025-01-05 13:41:48', '2025-01-05 13:41:48', 1714521600, '', 4),
(91, 'Installment', 1, '2024-05-01', 878750.00, 0.00, 878750.00, 0.00, '', NULL, NULL, 37, '2025-01-05 13:41:48', '2025-01-05 13:41:48', 1714521600, '', 4),
(92, 'Installment', 2, '2024-06-01', 878750.00, 0.00, 878750.00, 0.00, '', NULL, NULL, 37, '2025-01-05 13:41:48', '2025-01-05 13:41:48', 1717200000, '', 4),
(93, 'Installment', 3, '2024-07-01', 878750.00, 0.00, 878750.00, 0.00, '', NULL, NULL, 37, '2025-01-05 13:41:48', '2025-01-05 13:41:48', 1719792000, '', 4),
(94, 'Installment', 4, '2024-08-01', 878750.00, 0.00, 878750.00, 0.00, '', NULL, NULL, 37, '2025-01-05 13:41:48', '2025-01-05 13:41:48', 1722470400, '', 4),
(95, 'Every 5 Month Installment', 5, '2024-09-01', 435000.00, 0.00, 435000.00, 0.00, '', NULL, NULL, 37, '2025-01-05 13:41:48', '2025-01-05 13:41:48', 1725148800, '', 4),
(96, 'Installment', 6, '2024-10-01', 878750.00, 0.00, 878750.00, 0.00, '', NULL, NULL, 37, '2025-01-05 13:41:48', '2025-01-05 13:41:48', 1727740800, '', 4),
(97, 'Installment', 7, '2024-11-01', 878750.00, 0.00, 878750.00, 0.00, '', NULL, NULL, 37, '2025-01-05 13:41:48', '2025-01-05 13:41:48', 1730419200, '', 4),
(98, 'Installment', 8, '2024-12-01', 878750.00, 0.00, 878750.00, 0.00, '', NULL, NULL, 37, '2025-01-05 13:41:48', '2025-01-05 13:41:48', 1733011200, '', 4),
(99, 'Installment', 9, '2025-01-01', 878750.00, 0.00, 878750.00, 0.00, '', NULL, NULL, 37, '2025-01-05 13:41:48', '2025-01-05 13:41:48', 1735689600, '', 4),
(100, 'Every 5 Month Installment', 10, '2025-02-01', 435000.00, 0.00, 435000.00, 0.00, '', NULL, NULL, 37, '2025-01-05 13:41:48', '2025-01-05 13:41:48', 1738368000, '', 4),
(101, 'Last Payment ', 0, '2025-02-01', 100000.00, 0.00, 100000.00, 0.00, '', NULL, NULL, 37, '2025-01-05 13:41:48', '2025-01-05 13:41:48', 1738368000, '', 4),
(102, 'Processing Fee', 0, '2024-05-01', 60000.00, 0.00, 60000.00, 0.00, '', NULL, NULL, 38, '2025-01-05 15:58:24', '2025-01-05 15:58:24', 1714521600, '', 70),
(103, 'Down payment', 0, '2024-05-01', 1000000.00, 0.00, 1000000.00, 0.00, '', NULL, NULL, 38, '2025-01-05 15:58:24', '2025-01-05 15:58:24', 1714521600, '', 70),
(104, 'Installment', 1, '2024-05-01', 878750.00, 0.00, 878750.00, 0.00, '', NULL, NULL, 38, '2025-01-05 15:58:24', '2025-01-05 15:58:24', 1714521600, '', 70),
(105, 'Installment', 2, '2024-06-01', 878750.00, 0.00, 878750.00, 0.00, '', NULL, NULL, 38, '2025-01-05 15:58:24', '2025-01-05 15:58:24', 1717200000, '', 70),
(106, 'Installment', 3, '2024-07-01', 878750.00, 0.00, 878750.00, 0.00, '', NULL, NULL, 38, '2025-01-05 15:58:24', '2025-01-05 15:58:24', 1719792000, '', 70),
(107, 'Installment', 4, '2024-08-01', 878750.00, 0.00, 878750.00, 0.00, '', NULL, NULL, 38, '2025-01-05 15:58:24', '2025-01-05 15:58:24', 1722470400, '', 70),
(108, 'Every 5 Month Installment', 5, '2024-09-01', 435000.00, 0.00, 435000.00, 0.00, '', NULL, NULL, 38, '2025-01-05 15:58:24', '2025-01-05 15:58:24', 1725148800, '', 70),
(109, 'Installment', 6, '2024-10-01', 878750.00, 0.00, 878750.00, 0.00, '', NULL, NULL, 38, '2025-01-05 15:58:24', '2025-01-05 15:58:24', 1727740800, '', 70),
(110, 'Installment', 7, '2024-11-01', 878750.00, 0.00, 878750.00, 0.00, '', NULL, NULL, 38, '2025-01-05 15:58:24', '2025-01-05 15:58:24', 1730419200, '', 70),
(111, 'Installment', 8, '2024-12-01', 878750.00, 0.00, 878750.00, 0.00, '', NULL, NULL, 38, '2025-01-05 15:58:24', '2025-01-05 15:58:24', 1733011200, '', 70),
(112, 'Installment', 9, '2025-01-01', 878750.00, 0.00, 878750.00, 0.00, '', NULL, NULL, 38, '2025-01-05 15:58:24', '2025-01-05 15:58:24', 1735689600, '', 70),
(113, 'Every 5 Month Installment', 10, '2025-02-01', 435000.00, 0.00, 435000.00, 0.00, '', NULL, NULL, 38, '2025-01-05 15:58:24', '2025-01-05 15:58:24', 1738368000, '', 70),
(114, 'Last Payment ', 0, '2025-02-01', 100000.00, 0.00, 100000.00, 0.00, '', NULL, NULL, 38, '2025-01-05 15:58:24', '2025-01-05 15:58:24', 1738368000, '', 70),
(115, 'Processing Fee', 0, '2024-05-01', 60000.00, 0.00, 60000.00, 0.00, '', NULL, NULL, 10, '2025-01-05 16:43:53', '2025-01-05 16:43:53', 1714521600, '', 70),
(116, 'Down payment', 0, '2024-05-01', 1000000.00, 0.00, 1000000.00, 0.00, '', NULL, NULL, 10, '2025-01-05 16:43:53', '2025-01-05 16:43:53', 1714521600, '', 70),
(117, 'Installment', 1, '2024-05-01', 878750.00, 0.00, 878750.00, 0.00, '', NULL, NULL, 10, '2025-01-05 16:43:53', '2025-01-05 16:43:53', 1714521600, '', 70),
(118, 'Installment', 2, '2024-06-01', 878750.00, 0.00, 878750.00, 0.00, '', NULL, NULL, 10, '2025-01-05 16:43:53', '2025-01-05 16:43:53', 1717200000, '', 70),
(119, 'Installment', 3, '2024-07-01', 878750.00, 0.00, 878750.00, 0.00, '', NULL, NULL, 10, '2025-01-05 16:43:53', '2025-01-05 16:43:53', 1719792000, '', 70),
(120, 'Installment', 4, '2024-08-01', 878750.00, 0.00, 878750.00, 0.00, '', NULL, NULL, 10, '2025-01-05 16:43:53', '2025-01-05 16:43:53', 1722470400, '', 70),
(121, 'Every 5 Month Installment', 5, '2024-09-01', 435000.00, 0.00, 435000.00, 0.00, '', NULL, NULL, 10, '2025-01-05 16:43:53', '2025-01-05 16:43:53', 1725148800, '', 70),
(122, 'Installment', 6, '2024-10-01', 878750.00, 0.00, 878750.00, 0.00, '', NULL, NULL, 10, '2025-01-05 16:43:53', '2025-01-05 16:43:53', 1727740800, '', 70),
(123, 'Installment', 7, '2024-11-01', 878750.00, 0.00, 878750.00, 0.00, '', NULL, NULL, 10, '2025-01-05 16:43:53', '2025-01-05 16:43:53', 1730419200, '', 70),
(124, 'Installment', 8, '2024-12-01', 878750.00, 0.00, 878750.00, 0.00, '', NULL, NULL, 10, '2025-01-05 16:43:53', '2025-01-05 16:43:53', 1733011200, '', 70),
(125, 'Installment', 9, '2025-01-01', 878750.00, 0.00, 878750.00, 0.00, '', NULL, NULL, 10, '2025-01-05 16:43:53', '2025-01-05 16:43:53', 1735689600, '', 70),
(126, 'Every 5 Month Installment', 10, '2025-02-01', 435000.00, 0.00, 435000.00, 0.00, '', NULL, NULL, 10, '2025-01-05 16:43:53', '2025-01-05 16:43:53', 1738368000, '', 70),
(127, 'Last Payment ', 0, '2025-02-01', 100000.00, 0.00, 100000.00, 0.00, '', NULL, NULL, 10, '2025-01-05 16:43:53', '2025-01-05 16:43:53', 1738368000, '', 70),
(169, 'Processing Fee', 0, '2024-11-01', 60000.00, 0.00, 60000.00, 0.00, '', NULL, NULL, 8, '2025-01-06 12:06:13', '2025-01-06 12:06:13', 1730419200, '', 72),
(168, 'Every 6 Month Installment', 18, '2026-04-01', 435000.00, 0.00, 435000.00, 0.00, '', NULL, NULL, 39, '2025-01-06 06:58:37', '2025-01-06 06:58:37', 1775001600, '', 72),
(167, 'Installment', 17, '2026-03-01', 444667.00, 0.00, 444667.00, 0.00, '', NULL, NULL, 39, '2025-01-06 06:58:37', '2025-01-06 06:58:37', 1772323200, '', 72),
(166, 'Installment', 16, '2026-02-01', 444667.00, 0.00, 444667.00, 0.00, '', NULL, NULL, 39, '2025-01-06 06:58:37', '2025-01-06 06:58:37', 1769904000, '', 72),
(165, 'Installment', 15, '2026-01-01', 444667.00, 0.00, 444667.00, 0.00, '', NULL, NULL, 39, '2025-01-06 06:58:37', '2025-01-06 06:58:37', 1767225600, '', 72),
(164, 'Installment', 14, '2025-12-01', 444667.00, 0.00, 444667.00, 0.00, '', NULL, NULL, 39, '2025-01-06 06:58:37', '2025-01-06 06:58:37', 1764547200, '', 72),
(163, 'Installment', 13, '2025-11-01', 444667.00, 0.00, 444667.00, 0.00, '', NULL, NULL, 39, '2025-01-06 06:58:37', '2025-01-06 06:58:37', 1761955200, '', 72),
(162, 'Every 6 Month Installment', 12, '2025-10-01', 435000.00, 0.00, 435000.00, 0.00, '', NULL, NULL, 39, '2025-01-06 06:58:37', '2025-01-06 06:58:37', 1759276800, '', 72),
(161, 'Installment', 11, '2025-09-01', 444667.00, 0.00, 444667.00, 0.00, '', NULL, NULL, 39, '2025-01-06 06:58:37', '2025-01-06 06:58:37', 1756684800, '', 72),
(160, 'Installment', 10, '2025-08-01', 444667.00, 0.00, 444667.00, 0.00, '', NULL, NULL, 39, '2025-01-06 06:58:37', '2025-01-06 06:58:37', 1754006400, '', 72),
(159, 'Installment', 9, '2025-07-01', 444667.00, 0.00, 444667.00, 0.00, '', NULL, NULL, 39, '2025-01-06 06:58:37', '2025-01-06 06:58:37', 1751328000, '', 72),
(158, 'Installment', 8, '2025-06-01', 444667.00, 0.00, 444667.00, 0.00, '', NULL, NULL, 39, '2025-01-06 06:58:37', '2025-01-06 06:58:37', 1748736000, '', 72),
(157, 'Installment', 7, '2025-05-01', 444667.00, 0.00, 444667.00, 0.00, '', NULL, NULL, 39, '2025-01-06 06:58:37', '2025-01-06 06:58:37', 1746057600, '', 72),
(156, 'Every 6 Month Installment', 6, '2025-04-01', 435000.00, 0.00, 435000.00, 0.00, '', NULL, NULL, 39, '2025-01-06 06:58:37', '2025-01-06 06:58:37', 1743465600, '', 72),
(155, 'Installment', 5, '2025-03-01', 444667.00, 0.00, 444667.00, 0.00, '', NULL, NULL, 39, '2025-01-06 06:58:37', '2025-01-06 06:58:37', 1740787200, '', 72),
(154, 'Installment', 4, '2025-02-01', 444667.00, 0.00, 444667.00, 0.00, '', NULL, NULL, 39, '2025-01-06 06:58:37', '2025-01-06 06:58:37', 1738368000, '', 72),
(153, 'Installment', 3, '2025-01-01', 444667.00, 0.00, 444667.00, 0.00, '', NULL, NULL, 39, '2025-01-06 06:58:37', '2025-01-06 06:58:37', 1735689600, '', 72),
(152, 'Installment', 2, '2024-12-01', 444667.00, 0.00, 444667.00, 0.00, '', NULL, NULL, 39, '2025-01-06 06:58:37', '2025-01-06 06:58:37', 1733011200, '', 72),
(151, 'Installment', 1, '2024-11-01', 444667.00, 0.00, 444667.00, 0.00, '', NULL, NULL, 39, '2025-01-06 06:58:37', '2025-01-06 06:58:37', 1730419200, '', 72),
(150, 'Down payment', 0, '2024-11-01', 1000000.00, 0.00, 1000000.00, 0.00, '', NULL, NULL, 39, '2025-01-06 06:58:37', '2025-01-06 06:58:37', 1730419200, '', 72),
(149, 'Processing Fee', 0, '2024-11-01', 60000.00, 0.00, 60000.00, 0.00, '', NULL, NULL, 39, '2025-01-06 06:58:37', '2025-01-06 06:58:37', 1730419200, '', 72),
(170, 'Down payment', 0, '2024-11-01', 1000000.00, 0.00, 1000000.00, 0.00, '', NULL, NULL, 8, '2025-01-06 12:06:13', '2025-01-06 12:06:13', 1730419200, '', 72),
(171, 'Installment', 1, '2024-11-01', 438000.00, 0.00, 438000.00, 0.00, '', NULL, NULL, 8, '2025-01-06 12:06:13', '2025-01-06 12:06:13', 1730419200, '', 72),
(172, 'Installment', 2, '2024-12-01', 438000.00, 0.00, 438000.00, 0.00, '', NULL, NULL, 8, '2025-01-06 12:06:13', '2025-01-06 12:06:13', 1733011200, '', 72),
(173, 'Installment', 3, '2025-01-01', 438000.00, 0.00, 438000.00, 0.00, '', NULL, NULL, 8, '2025-01-06 12:06:13', '2025-01-06 12:06:13', 1735689600, '', 72),
(174, 'Installment', 4, '2025-02-01', 438000.00, 0.00, 438000.00, 0.00, '', NULL, NULL, 8, '2025-01-06 12:06:13', '2025-01-06 12:06:13', 1738368000, '', 72),
(175, 'Installment', 5, '2025-03-01', 438000.00, 0.00, 438000.00, 0.00, '', NULL, NULL, 8, '2025-01-06 12:06:13', '2025-01-06 12:06:13', 1740787200, '', 72),
(176, 'Every 6 Month Installment', 6, '2025-04-01', 435000.00, 0.00, 435000.00, 0.00, '', NULL, NULL, 8, '2025-01-06 12:06:13', '2025-01-06 12:06:13', 1743465600, '', 72),
(177, 'Installment', 7, '2025-05-01', 438000.00, 0.00, 438000.00, 0.00, '', NULL, NULL, 8, '2025-01-06 12:06:13', '2025-01-06 12:06:13', 1746057600, '', 72),
(178, 'Installment', 8, '2025-06-01', 438000.00, 0.00, 438000.00, 0.00, '', NULL, NULL, 8, '2025-01-06 12:06:13', '2025-01-06 12:06:13', 1748736000, '', 72),
(179, 'Installment', 9, '2025-07-01', 438000.00, 0.00, 438000.00, 0.00, '', NULL, NULL, 8, '2025-01-06 12:06:13', '2025-01-06 12:06:13', 1751328000, '', 72),
(180, 'Installment', 10, '2025-08-01', 438000.00, 0.00, 438000.00, 0.00, '', NULL, NULL, 8, '2025-01-06 12:06:13', '2025-01-06 12:06:13', 1754006400, '', 72),
(181, 'Installment', 11, '2025-09-01', 438000.00, 0.00, 438000.00, 0.00, '', NULL, NULL, 8, '2025-01-06 12:06:13', '2025-01-06 12:06:13', 1756684800, '', 72),
(182, 'Every 6 Month Installment', 12, '2025-10-01', 435000.00, 0.00, 435000.00, 0.00, '', NULL, NULL, 8, '2025-01-06 12:06:13', '2025-01-06 12:06:13', 1759276800, '', 72),
(183, 'Installment', 13, '2025-11-01', 438000.00, 0.00, 438000.00, 0.00, '', NULL, NULL, 8, '2025-01-06 12:06:13', '2025-01-06 12:06:13', 1761955200, '', 72),
(184, 'Installment', 14, '2025-12-01', 438000.00, 0.00, 438000.00, 0.00, '', NULL, NULL, 8, '2025-01-06 12:06:13', '2025-01-06 12:06:13', 1764547200, '', 72),
(185, 'Installment', 15, '2026-01-01', 438000.00, 0.00, 438000.00, 0.00, '', NULL, NULL, 8, '2025-01-06 12:06:13', '2025-01-06 12:06:13', 1767225600, '', 72),
(186, 'Installment', 16, '2026-02-01', 438000.00, 0.00, 438000.00, 0.00, '', NULL, NULL, 8, '2025-01-06 12:06:13', '2025-01-06 12:06:13', 1769904000, '', 72),
(187, 'Installment', 17, '2026-03-01', 438000.00, 0.00, 438000.00, 0.00, '', NULL, NULL, 8, '2025-01-06 12:06:13', '2025-01-06 12:06:13', 1772323200, '', 72),
(188, 'Every 6 Month Installment', 18, '2026-04-01', 435000.00, 0.00, 435000.00, 0.00, '', NULL, NULL, 8, '2025-01-06 12:06:13', '2025-01-06 12:06:13', 1775001600, '', 72),
(189, 'Last Payment ', 0, '2026-04-01', 100000.00, 0.00, 100000.00, 0.00, '', NULL, NULL, 8, '2025-01-06 12:06:13', '2025-01-06 12:06:13', 1775001600, '', 72),
(190, 'Processing Fee', 0, '2024-02-01', 60000.00, 0.00, 60000.00, 0.00, '', NULL, NULL, 25, '2025-01-06 18:42:03', '2025-01-06 18:42:03', 1706745600, '', 72),
(191, 'Down payment', 0, '2024-02-01', 1000000.00, 0.00, 1000000.00, 0.00, '', NULL, NULL, 25, '2025-01-06 18:42:03', '2025-01-06 18:42:03', 1706745600, '', 72),
(192, 'Installment', 1, '2024-02-01', 508833.00, 0.00, 508833.00, 0.00, '', NULL, NULL, 25, '2025-01-06 18:42:03', '2025-01-06 18:42:03', 1706745600, '', 72),
(193, 'Installment', 2, '2024-03-01', 508833.00, 0.00, 508833.00, 0.00, '', NULL, NULL, 25, '2025-01-06 18:42:03', '2025-01-06 18:42:03', 1709251200, '', 72),
(194, 'Installment', 3, '2024-04-01', 508833.00, 0.00, 508833.00, 0.00, '', NULL, NULL, 25, '2025-01-06 18:42:03', '2025-01-06 18:42:03', 1711929600, '', 72),
(195, 'Installment', 4, '2024-05-01', 508833.00, 0.00, 508833.00, 0.00, '', NULL, NULL, 25, '2025-01-06 18:42:03', '2025-01-06 18:42:03', 1714521600, '', 72),
(196, 'Installment', 5, '2024-06-01', 508833.00, 0.00, 508833.00, 0.00, '', NULL, NULL, 25, '2025-01-06 18:42:03', '2025-01-06 18:42:03', 1717200000, '', 72),
(197, 'Every 6 Month Installment', 6, '2024-07-01', 435000.00, 0.00, 435000.00, 0.00, '', NULL, NULL, 25, '2025-01-06 18:42:03', '2025-01-06 18:42:03', 1719792000, '', 72),
(198, 'Installment', 7, '2024-08-01', 508833.00, 0.00, 508833.00, 0.00, '', NULL, NULL, 25, '2025-01-06 18:42:03', '2025-01-06 18:42:03', 1722470400, '', 72),
(199, 'Installment', 8, '2024-09-01', 508833.00, 0.00, 508833.00, 0.00, '', NULL, NULL, 25, '2025-01-06 18:42:03', '2025-01-06 18:42:03', 1725148800, '', 72),
(200, 'Installment', 9, '2024-10-01', 508833.00, 0.00, 508833.00, 0.00, '', NULL, NULL, 25, '2025-01-06 18:42:03', '2025-01-06 18:42:03', 1727740800, '', 72),
(201, 'Installment', 10, '2024-11-01', 508833.00, 0.00, 508833.00, 0.00, '', NULL, NULL, 25, '2025-01-06 18:42:03', '2025-01-06 18:42:03', 1730419200, '', 72),
(202, 'Installment', 11, '2024-12-01', 508833.00, 0.00, 508833.00, 0.00, '', NULL, NULL, 25, '2025-01-06 18:42:03', '2025-01-06 18:42:03', 1733011200, '', 72),
(203, 'Every 6 Month Installment', 12, '2025-01-01', 435000.00, 0.00, 435000.00, 0.00, '', NULL, NULL, 25, '2025-01-06 18:42:03', '2025-01-06 18:42:03', 1735689600, '', 72),
(204, 'Installment', 13, '2025-02-01', 508833.00, 0.00, 508833.00, 0.00, '', NULL, NULL, 25, '2025-01-06 18:42:03', '2025-01-06 18:42:03', 1738368000, '', 72),
(205, 'Installment', 14, '2025-03-01', 508833.00, 0.00, 508833.00, 0.00, '', NULL, NULL, 25, '2025-01-06 18:42:03', '2025-01-06 18:42:03', 1740787200, '', 72),
(206, 'Installment', 15, '2025-04-01', 508833.00, 0.00, 508833.00, 0.00, '', NULL, NULL, 25, '2025-01-06 18:42:03', '2025-01-06 18:42:03', 1743465600, '', 72),
(207, 'Installment', 16, '2025-05-01', 508833.00, 0.00, 508833.00, 0.00, '', NULL, NULL, 25, '2025-01-06 18:42:03', '2025-01-06 18:42:03', 1746057600, '', 72),
(208, 'Installment', 17, '2025-06-01', 508833.00, 0.00, 508833.00, 0.00, '', NULL, NULL, 25, '2025-01-06 18:42:03', '2025-01-06 18:42:03', 1748736000, '', 72),
(209, 'Every 6 Month Installment', 18, '2025-07-01', 435000.00, 0.00, 435000.00, 0.00, '', NULL, NULL, 25, '2025-01-06 18:42:03', '2025-01-06 18:42:03', 1751328000, '', 72),
(210, 'Installment', 19, '2025-08-01', 508833.00, 0.00, 508833.00, 0.00, '', NULL, NULL, 25, '2025-01-06 18:42:03', '2025-01-06 18:42:03', 1754006400, '', 72),
(211, 'Installment', 20, '2025-09-01', 508833.00, 0.00, 508833.00, 0.00, '', NULL, NULL, 25, '2025-01-06 18:42:03', '2025-01-06 18:42:03', 1756684800, '', 72),
(212, 'Installment', 21, '2025-10-01', 508833.00, 0.00, 508833.00, 0.00, '', NULL, NULL, 25, '2025-01-06 18:42:03', '2025-01-06 18:42:03', 1759276800, '', 72),
(213, 'Installment', 22, '2025-11-01', 508833.00, 0.00, 508833.00, 0.00, '', NULL, NULL, 25, '2025-01-06 18:42:03', '2025-01-06 18:42:03', 1761955200, '', 72),
(214, 'Installment', 23, '2025-12-01', 508833.00, 0.00, 508833.00, 0.00, '', NULL, NULL, 25, '2025-01-06 18:42:03', '2025-01-06 18:42:03', 1764547200, '', 72),
(215, 'Every 6 Month Installment', 24, '2026-01-01', 435000.00, 0.00, 435000.00, 0.00, '', NULL, NULL, 25, '2025-01-06 18:42:03', '2025-01-06 18:42:03', 1767225600, '', 72),
(216, 'Installment', 25, '2026-02-01', 508833.00, 0.00, 508833.00, 0.00, '', NULL, NULL, 25, '2025-01-06 18:42:03', '2025-01-06 18:42:03', 1769904000, '', 72),
(217, 'Installment', 26, '2026-03-01', 508833.00, 0.00, 508833.00, 0.00, '', NULL, NULL, 25, '2025-01-06 18:42:03', '2025-01-06 18:42:03', 1772323200, '', 72),
(218, 'Installment', 27, '2026-04-01', 508833.00, 0.00, 508833.00, 0.00, '', NULL, NULL, 25, '2025-01-06 18:42:03', '2025-01-06 18:42:03', 1775001600, '', 72),
(219, 'Installment', 28, '2026-05-01', 508833.00, 0.00, 508833.00, 0.00, '', NULL, NULL, 25, '2025-01-06 18:42:03', '2025-01-06 18:42:03', 1777593600, '', 72),
(220, 'Installment', 29, '2026-06-01', 508833.00, 0.00, 508833.00, 0.00, '', NULL, NULL, 25, '2025-01-06 18:42:03', '2025-01-06 18:42:03', 1780272000, '', 72),
(221, 'Every 6 Month Installment', 30, '2026-07-01', 435000.00, 0.00, 435000.00, 0.00, '', NULL, NULL, 25, '2025-01-06 18:42:03', '2025-01-06 18:42:03', 1782864000, '', 72),
(222, 'Installment', 31, '2026-08-01', 508833.00, 0.00, 508833.00, 0.00, '', NULL, NULL, 25, '2025-01-06 18:42:03', '2025-01-06 18:42:03', 1785542400, '', 72),
(223, 'Installment', 32, '2026-09-01', 508833.00, 0.00, 508833.00, 0.00, '', NULL, NULL, 25, '2025-01-06 18:42:03', '2025-01-06 18:42:03', 1788220800, '', 72),
(224, 'Installment', 33, '2026-10-01', 508833.00, 0.00, 508833.00, 0.00, '', NULL, NULL, 25, '2025-01-06 18:42:03', '2025-01-06 18:42:03', 1790812800, '', 72),
(225, 'Installment', 34, '2026-11-01', 508833.00, 0.00, 508833.00, 0.00, '', NULL, NULL, 25, '2025-01-06 18:42:03', '2025-01-06 18:42:03', 1793491200, '', 72),
(226, 'Installment', 35, '2026-12-01', 508833.00, 0.00, 508833.00, 0.00, '', NULL, NULL, 25, '2025-01-06 18:42:03', '2025-01-06 18:42:03', 1796083200, '', 72),
(227, 'Every 6 Month Installment', 36, '2027-01-01', 435000.00, 0.00, 435000.00, 0.00, '', NULL, NULL, 25, '2025-01-06 18:42:03', '2025-01-06 18:42:03', 1798761600, '', 72),
(228, 'Last Payment ', 0, '2027-01-01', 100000.00, 0.00, 100000.00, 0.00, '', NULL, NULL, 25, '2025-01-06 18:42:03', '2025-01-06 18:42:03', 1798761600, '', 72),
(229, 'Processing Fee', 0, '2024-02-01', 60000.00, 60000.00, 0.00, 0.00, '', NULL, NULL, 6, '2025-01-07 10:35:54', '2025-01-07 18:32:59', 1706745600, '', 59),
(230, 'Down payment', 0, '2024-02-01', 1000000.00, 40000.00, 960000.00, 0.00, '', NULL, NULL, 6, '2025-01-07 10:35:54', '2025-01-07 18:34:02', 1706745600, '', 59),
(231, 'Installment', 1, '2024-02-01', 508833.00, 0.00, 508833.00, 0.00, '', NULL, NULL, 6, '2025-01-07 10:35:54', '2025-01-07 10:35:54', 1706745600, '', 59),
(232, 'Installment', 2, '2024-03-01', 508833.00, 0.00, 508833.00, 0.00, '', NULL, NULL, 6, '2025-01-07 10:35:54', '2025-01-07 10:35:54', 1709251200, '', 59),
(233, 'Installment', 3, '2024-04-01', 508833.00, 0.00, 508833.00, 0.00, '', NULL, NULL, 6, '2025-01-07 10:35:54', '2025-01-07 10:35:54', 1711929600, '', 59),
(234, 'Installment', 4, '2024-05-01', 508833.00, 0.00, 508833.00, 0.00, '', NULL, NULL, 6, '2025-01-07 10:35:54', '2025-01-07 10:35:54', 1714521600, '', 59),
(235, 'Installment', 5, '2024-06-01', 508833.00, 0.00, 508833.00, 0.00, '', NULL, NULL, 6, '2025-01-07 10:35:54', '2025-01-07 10:35:54', 1717200000, '', 59),
(236, 'Every 6 Month Installment', 6, '2024-07-01', 435000.00, 0.00, 435000.00, 0.00, '', NULL, NULL, 6, '2025-01-07 10:35:54', '2025-01-07 10:35:54', 1719792000, '', 59),
(237, 'Installment', 7, '2024-08-01', 508833.00, 0.00, 508833.00, 0.00, '', NULL, NULL, 6, '2025-01-07 10:35:54', '2025-01-07 10:35:54', 1722470400, '', 59),
(238, 'Installment', 8, '2024-09-01', 508833.00, 0.00, 508833.00, 0.00, '', NULL, NULL, 6, '2025-01-07 10:35:54', '2025-01-07 10:35:54', 1725148800, '', 59),
(239, 'Installment', 9, '2024-10-01', 508833.00, 0.00, 508833.00, 0.00, '', NULL, NULL, 6, '2025-01-07 10:35:54', '2025-01-07 10:35:54', 1727740800, '', 59),
(240, 'Installment', 10, '2024-11-01', 508833.00, 0.00, 508833.00, 0.00, '', NULL, NULL, 6, '2025-01-07 10:35:54', '2025-01-07 10:35:54', 1730419200, '', 59),
(241, 'Installment', 11, '2024-12-01', 508833.00, 0.00, 508833.00, 0.00, '', NULL, NULL, 6, '2025-01-07 10:35:54', '2025-01-07 10:35:54', 1733011200, '', 59),
(242, 'Every 6 Month Installment', 12, '2025-01-01', 435000.00, 0.00, 435000.00, 0.00, '', NULL, NULL, 6, '2025-01-07 10:35:54', '2025-01-07 10:35:54', 1735689600, '', 59),
(243, 'Installment', 13, '2025-02-01', 508833.00, 0.00, 508833.00, 0.00, '', NULL, NULL, 6, '2025-01-07 10:35:54', '2025-01-07 10:35:54', 1738368000, '', 59),
(244, 'Installment', 14, '2025-03-01', 508833.00, 0.00, 508833.00, 0.00, '', NULL, NULL, 6, '2025-01-07 10:35:54', '2025-01-07 10:35:54', 1740787200, '', 59),
(245, 'Installment', 15, '2025-04-01', 508833.00, 0.00, 508833.00, 0.00, '', NULL, NULL, 6, '2025-01-07 10:35:54', '2025-01-07 10:35:54', 1743465600, '', 59),
(246, 'Installment', 16, '2025-05-01', 508833.00, 0.00, 508833.00, 0.00, '', NULL, NULL, 6, '2025-01-07 10:35:54', '2025-01-07 10:35:54', 1746057600, '', 59),
(247, 'Installment', 17, '2025-06-01', 508833.00, 0.00, 508833.00, 0.00, '', NULL, NULL, 6, '2025-01-07 10:35:54', '2025-01-07 10:35:54', 1748736000, '', 59),
(248, 'Every 6 Month Installment', 18, '2025-07-01', 435000.00, 0.00, 435000.00, 0.00, '', NULL, NULL, 6, '2025-01-07 10:35:54', '2025-01-07 10:35:54', 1751328000, '', 59),
(249, 'Installment', 19, '2025-08-01', 508833.00, 0.00, 508833.00, 0.00, '', NULL, NULL, 6, '2025-01-07 10:35:54', '2025-01-07 10:35:54', 1754006400, '', 59),
(250, 'Installment', 20, '2025-09-01', 508833.00, 0.00, 508833.00, 0.00, '', NULL, NULL, 6, '2025-01-07 10:35:54', '2025-01-07 10:35:54', 1756684800, '', 59),
(251, 'Installment', 21, '2025-10-01', 508833.00, 0.00, 508833.00, 0.00, '', NULL, NULL, 6, '2025-01-07 10:35:54', '2025-01-07 10:35:54', 1759276800, '', 59),
(252, 'Installment', 22, '2025-11-01', 508833.00, 0.00, 508833.00, 0.00, '', NULL, NULL, 6, '2025-01-07 10:35:54', '2025-01-07 10:35:54', 1761955200, '', 59),
(253, 'Installment', 23, '2025-12-01', 508833.00, 0.00, 508833.00, 0.00, '', NULL, NULL, 6, '2025-01-07 10:35:54', '2025-01-07 10:35:54', 1764547200, '', 59),
(254, 'Every 6 Month Installment', 24, '2026-01-01', 435000.00, 0.00, 435000.00, 0.00, '', NULL, NULL, 6, '2025-01-07 10:35:54', '2025-01-07 10:35:54', 1767225600, '', 59),
(255, 'Installment', 25, '2026-02-01', 508833.00, 0.00, 508833.00, 0.00, '', NULL, NULL, 6, '2025-01-07 10:35:54', '2025-01-07 10:35:54', 1769904000, '', 59),
(256, 'Installment', 26, '2026-03-01', 508833.00, 0.00, 508833.00, 0.00, '', NULL, NULL, 6, '2025-01-07 10:35:54', '2025-01-07 10:35:54', 1772323200, '', 59),
(257, 'Installment', 27, '2026-04-01', 508833.00, 0.00, 508833.00, 0.00, '', NULL, NULL, 6, '2025-01-07 10:35:54', '2025-01-07 10:35:54', 1775001600, '', 59),
(258, 'Installment', 28, '2026-05-01', 508833.00, 0.00, 508833.00, 0.00, '', NULL, NULL, 6, '2025-01-07 10:35:54', '2025-01-07 10:35:54', 1777593600, '', 59),
(259, 'Installment', 29, '2026-06-01', 508833.00, 0.00, 508833.00, 0.00, '', NULL, NULL, 6, '2025-01-07 10:35:54', '2025-01-07 10:35:54', 1780272000, '', 59),
(260, 'Every 6 Month Installment', 30, '2026-07-01', 435000.00, 0.00, 435000.00, 0.00, '', NULL, NULL, 6, '2025-01-07 10:35:54', '2025-01-07 10:35:54', 1782864000, '', 59),
(261, 'Installment', 31, '2026-08-01', 508833.00, 0.00, 508833.00, 0.00, '', NULL, NULL, 6, '2025-01-07 10:35:54', '2025-01-07 10:35:54', 1785542400, '', 59),
(262, 'Installment', 32, '2026-09-01', 508833.00, 0.00, 508833.00, 0.00, '', NULL, NULL, 6, '2025-01-07 10:35:54', '2025-01-07 10:35:54', 1788220800, '', 59),
(263, 'Installment', 33, '2026-10-01', 508833.00, 0.00, 508833.00, 0.00, '', NULL, NULL, 6, '2025-01-07 10:35:54', '2025-01-07 10:35:54', 1790812800, '', 59),
(264, 'Installment', 34, '2026-11-01', 508833.00, 0.00, 508833.00, 0.00, '', NULL, NULL, 6, '2025-01-07 10:35:54', '2025-01-07 10:35:54', 1793491200, '', 59),
(265, 'Installment', 35, '2026-12-01', 508833.00, 0.00, 508833.00, 0.00, '', NULL, NULL, 6, '2025-01-07 10:35:54', '2025-01-07 10:35:54', 1796083200, '', 59),
(266, 'Every 6 Month Installment', 36, '2027-01-01', 435000.00, 0.00, 435000.00, 0.00, '', NULL, NULL, 6, '2025-01-07 10:35:54', '2025-01-07 10:35:54', 1798761600, '', 59),
(267, 'Last Payment ', 0, '2027-01-01', 100000.00, 0.00, 100000.00, 0.00, '', NULL, NULL, 6, '2025-01-07 10:35:54', '2025-01-07 10:35:54', 1798761600, '', 59),
(268, 'Processing Fee', 0, '2024-02-01', 60000.00, 60000.00, 0.00, 0.00, '', NULL, NULL, 27, '2025-01-07 19:27:18', '2025-01-07 19:31:15', 1706745600, '', 72),
(269, 'Down payment', 0, '2024-02-01', 100000.00, 100000.00, 0.00, 0.00, '', NULL, NULL, 27, '2025-01-07 19:27:18', '2025-01-07 19:32:08', 1706745600, '', 72),
(270, 'Installment', 1, '2024-02-01', 12500.00, 25000.00, -12500.00, 0.00, '', NULL, NULL, 27, '2025-01-07 19:27:18', '2025-01-07 19:33:56', 1706745600, '', 72),
(271, 'Installment', 2, '2024-03-01', 12500.00, 0.00, 12500.00, 0.00, '', NULL, NULL, 27, '2025-01-07 19:27:18', '2025-01-07 19:27:18', 1709251200, '', 72),
(272, 'Every 3 Month Installment', 3, '2024-04-01', 35000.00, 0.00, 35000.00, 0.00, '', NULL, NULL, 27, '2025-01-07 19:27:18', '2025-01-07 19:27:18', 1711929600, '', 72),
(273, 'Installment', 4, '2024-05-01', 12500.00, 0.00, 12500.00, 0.00, '', NULL, NULL, 27, '2025-01-07 19:27:18', '2025-01-07 19:27:18', 1714521600, '', 72),
(274, 'Installment', 5, '2024-06-01', 12500.00, 0.00, 12500.00, 0.00, '', NULL, NULL, 27, '2025-01-07 19:27:18', '2025-01-07 19:27:18', 1717200000, '', 72),
(275, 'Every 3 Month Installment', 6, '2024-07-01', 35000.00, 0.00, 35000.00, 0.00, '', NULL, NULL, 27, '2025-01-07 19:27:18', '2025-01-07 19:27:18', 1719792000, '', 72),
(276, 'Installment', 7, '2024-08-01', 12500.00, 0.00, 12500.00, 0.00, '', NULL, NULL, 27, '2025-01-07 19:27:18', '2025-01-07 19:27:18', 1722470400, '', 72),
(277, 'Installment', 8, '2024-09-01', 12500.00, 0.00, 12500.00, 0.00, '', NULL, NULL, 27, '2025-01-07 19:27:18', '2025-01-07 19:27:18', 1725148800, '', 72),
(278, 'Every 3 Month Installment', 9, '2024-10-01', 35000.00, 0.00, 35000.00, 0.00, '', NULL, NULL, 27, '2025-01-07 19:27:18', '2025-01-07 19:27:18', 1727740800, '', 72),
(279, 'Installment', 10, '2024-11-01', 12500.00, 0.00, 12500.00, 0.00, '', NULL, NULL, 27, '2025-01-07 19:27:18', '2025-01-07 19:27:18', 1730419200, '', 72),
(280, 'Installment', 11, '2024-12-01', 12500.00, 0.00, 12500.00, 0.00, '', NULL, NULL, 27, '2025-01-07 19:27:18', '2025-01-07 19:27:18', 1733011200, '', 72),
(281, 'Every 3 Month Installment', 12, '2025-01-01', 35000.00, 0.00, 35000.00, 0.00, '', NULL, NULL, 27, '2025-01-07 19:27:18', '2025-01-07 19:27:18', 1735689600, '', 72),
(282, 'Last Payment ', 0, '2025-01-01', 600000.00, 0.00, 600000.00, 0.00, '', NULL, NULL, 27, '2025-01-07 19:27:18', '2025-01-07 19:27:18', 1735689600, '', 72),
(283, 'sdfsdf-03- Payment', 0, '2025-01-14', 4500.00, 1000.00, 3500.00, 0.00, '', NULL, NULL, 0, '2025-01-14 12:59:19', '2025-01-14 12:59:19', NULL, '', 1),
(284, 'asdasdasdasd-Tulip Exect1ive Sec-C BTL- Payment', 0, '2025-01-14', 4500.00, 4500.00, 0.00, 0.00, NULL, NULL, NULL, 47, '2025-01-14 13:47:11', '2025-01-14 13:47:11', NULL, '', 1),
(285, 'sdfsdfsdfsd-Tulip Exect1ive Sec-C BTL- Payment', 0, '2025-01-14', 30000.00, 1500.00, 28500.00, 0.00, 'THIRTY THOUSAND ', 'ONE THOUSAND FIVE HUNDRED ', 'TWENTY EIGHT THOUSAND FIVE HUNDRED ', 0, '2025-01-14 17:19:54', '2025-01-14 17:19:54', NULL, 'Saim Imtiaz', 1),
(10286, 'sadfsdfsfd-Tulip Exect1ive Sec-C BTL- Payment', 0, '2025-01-14', 12313.00, 12.00, 12300.00, 0.00, 'TWELVE THOUSAND THREE HUNDRED AND THIRTEEN ONLY ', 'TWELVE ONLY ', 'TWELVE THOUSAND THREE HUNDRED AND ONE ONLY ', 50, '2025-01-14 18:21:27', '2025-01-15 02:19:03', NULL, 'Saim Imtiaz', 85),
(10287, 'Plot Number 384-E-Tulip Exect1ive Sec-C BTL- Payment', 0, '2025-01-15', 42500000.00, 1000000.00, 41500000.00, 0.00, 'FOUR CRORE TWENTY FIVE LAKH ', 'TEN LAKH ', 'FOUR CRORE FIFTEEN LAKH ', 51, '2025-01-15 08:10:25', '2025-01-15 08:10:25', NULL, 'Saim Imtiaz', 1),
(10288, '377-F -Tulip Exect1ive Sec-C BTL- Payment', 0, '2025-01-15', 10000.00, 10000.00, 0.00, 0.00, 'TEN THOUSAND ', 'TEN THOUSAND ', '', 52, '2025-01-15 16:24:03', '2025-01-15 16:24:03', NULL, 'Saim Imtiaz', 86),
(10289, 'sa-Tulip Exect1ive Sec-C BTL- Payment', 0, '2025-01-18', 123213.00, 12.00, 123201.00, 0.00, 'ONE LAKH TWENTY THREE THOUSAND TWO HUNDRED AND THIRTEEN ONLY ', 'TWELVE ONLY ', 'ONE LAKH TWENTY THREE THOUSAND TWO HUNDRED AND ONE ONLY ', 0, '2025-01-18 07:33:40', '2025-01-18 07:33:40', NULL, 'Saim Imtiaz', 1),
(10290, '3232-Tulip Exect1ive Sec-C BTL- Payment', 0, '2025-01-18', 2312.00, 123.00, 2189.00, 0.00, 'TWO THOUSAND THREE HUNDRED AND TWELVE ONLY ', 'ONE HUNDRED AND TWENTY THREE ONLY ', 'TWO THOUSAND ONE HUNDRED AND EIGHTY NINE ONLY ', 53, '2025-01-18 08:02:54', '2025-01-18 08:02:54', NULL, 'Saim Imtiaz', 1),
(10291, '94-C-Tulip Exect1ive Sec-C BTL- Payment', 0, '2025-01-18', 1400000.00, 500000.00, 900000.00, 0.00, 'FOURTEEN LAKH ', 'FIVE LAKH ', 'NINE LAKH ', 57, '2025-01-18 10:04:47', '2025-01-18 10:04:47', NULL, 'Saim Imtiaz', 1),
(10292, '123123-Tulip Exect1ive Sec-C BTL- Payment', 0, '2025-01-19', 2321312.00, 123.00, 2321189.00, 0.00, 'TWENTY THREE LAKH TWENTY ONE THOUSAND THREE HUNDRED AND TWELVE ONLY ', 'ONE HUNDRED AND TWENTY THREE ONLY ', 'TWENTY THREE LAKH TWENTY ONE THOUSAND ONE HUNDRED AND EIGHTY NINE ONLY ', 58, '2025-01-19 02:36:39', '2025-01-19 02:36:39', NULL, 'Saim Imtiaz', 1),
(10293, '123123-Tulip Exect1ive Sec-C BTL- Payment', 0, '2025-01-19', 2321312.00, 123.00, 2321189.00, 0.00, 'TWENTY THREE LAKH TWENTY ONE THOUSAND THREE HUNDRED AND TWELVE ONLY ', 'ONE HUNDRED AND TWENTY THREE ONLY ', 'TWENTY THREE LAKH TWENTY ONE THOUSAND ONE HUNDRED AND EIGHTY NINE ONLY ', 58, '2025-01-19 02:36:44', '2025-01-19 02:36:44', NULL, 'Saim Imtiaz', 1),
(10294, 'sdsa-Tulip Exect1ive Sec-C BTL- Payment', 0, '2025-01-19', 1500.00, 500.00, 1000.00, 0.00, 'ONE THOUSAND FIVE HUNDRED ', 'FIVE HUNDRED ', 'ONE THOUSAND ', 59, '2025-01-19 02:44:33', '2025-01-19 02:44:33', NULL, 'Saim Imtiaz', 1),
(10295, 'sdfsdf-Tulip Exect1ive Sec-C BTL- Payment', 0, '2025-01-19', 1500.00, 500.00, 1000.00, 0.00, 'ONE THOUSAND FIVE HUNDRED ', 'FIVE HUNDRED ', 'ONE THOUSAND ', 0, '2025-01-19 02:46:55', '2025-01-19 02:46:55', NULL, 'Saim Imtiaz', 1),
(10296, 'sdfsdf-Tulip Exect1ive Sec-C BTL- Payment', 0, '2025-01-19', 1500.00, 500.00, 1000.00, 0.00, 'ONE THOUSAND FIVE HUNDRED ', 'FIVE HUNDRED ', 'ONE THOUSAND ', 60, '2025-01-19 02:46:59', '2025-01-19 02:46:59', NULL, 'Saim Imtiaz', 1),
(10297, '21212-Tulip Exect1ive Sec-C BTL- Payment', 0, '2025-01-19', 1500.00, 500.00, 1000.00, 0.00, 'ONE THOUSAND FIVE HUNDRED ', 'FIVE HUNDRED ', 'ONE THOUSAND ', 61, '2025-01-19 02:47:30', '2025-01-19 02:47:30', NULL, 'Saim Imtiaz', 1),
(10298, '2121-Tulip Exect1ive Sec-C BTL- Payment', 0, '2025-01-19', 15400.00, 1500.00, 13900.00, 0.00, 'FIFTEEN THOUSAND FOUR HUNDRED ', 'ONE THOUSAND FIVE HUNDRED ', 'THIRTEEN THOUSAND NINE HUNDRED ', 62, '2025-01-19 02:51:26', '2025-01-19 02:51:26', NULL, 'Saim Imtiaz', 1),
(10299, 'SDFSD-Tulip Exect1ive Sec-C BTL- Payment', 0, '2025-01-19', 5000.00, 500.00, 4500.00, 0.00, 'FIVE THOUSAND ', 'FIVE HUNDRED ', 'FOUR THOUSAND FIVE HUNDRED ', 0, '2025-01-19 03:18:51', '2025-01-19 03:18:51', NULL, 'Saim Imtiaz', 1),
(10300, 'SDFSD-Tulip Exect1ive Sec-C BTL- Payment', 0, '2025-01-19', 5000.00, 500.00, 4500.00, 0.00, 'FIVE THOUSAND ', 'FIVE HUNDRED ', 'FOUR THOUSAND FIVE HUNDRED ', 63, '2025-01-19 03:18:55', '2025-01-19 03:18:55', NULL, 'Saim Imtiaz', 1),
(10301, 'kklK-Tulip Exect1ive Sec-C BTL- Payment', 0, '2025-01-19', 50000.00, 5000.00, 45000.00, 0.00, 'FIFTY THOUSAND ', 'FIVE THOUSAND ', 'FORTY FIVE THOUSAND ', 64, '2025-01-19 03:19:47', '2025-01-19 03:19:47', NULL, 'Saim Imtiaz', 1),
(10302, 'KK aLPHA-Tulip Exect1ive Sec-C BTL- Payment', 0, '2025-01-19', 50000.00, 5000.00, 45000.00, 0.00, 'FIFTY THOUSAND ', 'FIVE THOUSAND ', 'FORTY FIVE THOUSAND ', 65, '2025-01-19 03:20:26', '2025-01-19 03:20:26', NULL, 'Saim Imtiaz', 1),
(10303, 'KK aLPHA-Tulip Exect1ive Sec-C BTL- Payment', 0, '2025-01-19', 50000.00, 10000.00, 40000.00, 0.00, 'FIFTY THOUSAND ', 'FIVE THOUSAND ', 'FORTY FIVE THOUSAND ', 65, '2025-01-19 03:20:58', '2025-01-19 03:23:39', NULL, 'Saim Imtiaz', 1),
(10304, '8-25-Tulip Exect1ive Sec-C BTL- Payment', 0, '2025-01-19', 1500.00, 900.00, 600.00, 0.00, 'ONE THOUSAND FIVE HUNDRED ', 'FIVE HUNDRED ', 'ONE THOUSAND ', 66, '2025-01-19 03:25:37', '2025-01-19 03:27:04', NULL, 'Saim Imtiaz', 1),
(10305, '22-Tulip Exect1ive Sec-C BTL- Payment', 0, '2025-01-19', 15000.00, 15000.00, 0.00, 0.00, 'FIFTEEN THOUSAND ', 'FIFTEEN THOUSAND ', '', 67, '2025-01-19 03:50:06', '2025-01-19 03:50:06', NULL, 'Saim Imtiaz', 1);

-- --------------------------------------------------------

--
-- Table structure for table `receipts`
--

DROP TABLE IF EXISTS `receipts`;
CREATE TABLE IF NOT EXISTS `receipts` (
  `id` int NOT NULL AUTO_INCREMENT,
  `payment_id` int NOT NULL,
  `customer_id` int NOT NULL,
  `amount` decimal(10,2) NOT NULL,
  `method` varchar(100) NOT NULL,
  `note` text NOT NULL,
  `date` datetime NOT NULL,
  `ref_cheq_no` varchar(255) CHARACTER SET utf8mb4 COLLATE utf8mb4_0900_ai_ci NOT NULL,
  `conditional` varchar(255) DEFAULT NULL,
  `issue` varchar(255) CHARACTER SET utf8mb4 COLLATE utf8mb4_0900_ai_ci DEFAULT NULL,
  `file` varchar(255) CHARACTER SET utf8mb4 COLLATE utf8mb4_0900_ai_ci DEFAULT NULL,
  `created_at` timestamp NULL DEFAULT CURRENT_TIMESTAMP,
  `updated_at` timestamp NULL DEFAULT CURRENT_TIMESTAMP ON UPDATE CURRENT_TIMESTAMP,
  PRIMARY KEY (`id`),
  KEY `fk_payment_id` (`payment_id`)
) ENGINE=MyISAM AUTO_INCREMENT=54323288 DEFAULT CHARSET=utf8mb4 COLLATE=utf8mb4_0900_ai_ci;

--
-- Dumping data for table `receipts`
--

INSERT INTO `receipts` (`id`, `payment_id`, `customer_id`, `amount`, `method`, `note`, `date`, `ref_cheq_no`, `conditional`, `issue`, `file`, `created_at`, `updated_at`) VALUES
(54323231, 9, 43, 6672.00, 'bank_transfer', '', '2025-01-05 19:07:18', '32324', NULL, '', 'documents/9233852474513/Receipts/1736276837046_9.jpeg', '2025-01-07 19:07:18', '2025-01-11 08:02:00'),
(54323230, 230, 59, 40000.00, 'bank_transfer', '', '2025-01-07 18:34:02', '32323', NULL, '', 'documents/3650242263328/Receipts/1736274841467_230.jpeg', '2025-01-07 18:34:02', '2025-01-07 18:34:02'),
(54323229, 229, 59, 50000.00, 'bank_transfer', '', '2025-01-03 18:32:59', '32323', NULL, '', 'documents/3650242263328/Receipts/1736274777923_229.jpeg', '2025-01-07 18:32:59', '2025-01-11 10:13:41'),
(54323227, 229, 59, 5000.00, 'bank_transfer', 'asada', '2025-01-07 18:27:34', '516515', NULL, '', 'documents/3650242263328/Receipts/1736274453017_229.jpeg', '2025-01-07 18:27:34', '2025-01-07 18:28:34'),
(54323228, 229, 59, 50000.00, 'bank_transfer', '', '2025-01-07 18:28:02', '213132', NULL, '', 'documents/3650242263328/Receipts/1736274481596_229.png', '2025-01-07 18:28:02', '2025-01-07 18:28:02'),
(54323223, 8, 43, 420000.00, 'bank_transfer', '', '2025-01-01 17:41:24', '32323', NULL, '', 'documents/9233852474513/Receipts/1736271669214_8.jpeg', '2025-01-07 17:41:24', '2025-01-11 08:01:45'),
(54323224, 8, 43, 15000.00, 'bank_transfer', '', '2025-01-02 17:43:56', '32324', NULL, '', 'documents/9233852474513/Receipts/1736271834257_8.jpeg', '2025-01-07 17:43:56', '2025-01-11 08:01:51'),
(54323225, 22, 63, 60000.00, 'cheque', '65656', '2025-01-07 17:44:43', '32324', NULL, '', 'documents/3650242263389/Receipts/1736271880887_22.png', '2025-01-07 17:44:43', '2025-01-07 17:44:43'),
(54323226, 23, 63, 50000.00, 'bank_transfer', '', '2025-01-07 17:49:44', '32323123123', NULL, '', 'documents/3650242263389/Receipts/1736272183345_23.jpeg', '2025-01-07 17:49:44', '2025-01-07 17:49:44'),
(54323232, 268, 72, 30000.00, 'bank_transfer', '', '2025-01-07 19:29:42', '65656', NULL, '', 'documents/3650244722337/Receipts/1736278181357_268.jpeg', '2025-01-07 19:29:42', '2025-01-07 19:29:42'),
(54323233, 268, 72, 5000.00, 'bank_transfer', '', '2025-01-07 19:30:36', '6+6565', NULL, '', 'documents/3650244722337/Receipts/1736278234886_268.jpeg', '2025-01-07 19:30:36', '2025-01-07 19:30:36'),
(54323234, 268, 72, 10000.00, 'bank_transfer', '', '2025-01-07 19:30:59', '66565', NULL, '', 'documents/3650244722337/Receipts/1736278258182_268.jpeg', '2025-01-07 19:30:59', '2025-01-07 19:30:59'),
(54323235, 268, 72, 15000.00, 'bank_transfer', '', '2025-01-07 19:31:15', '+656', NULL, '', 'documents/3650244722337/Receipts/1736278274266_268.jpeg', '2025-01-07 19:31:15', '2025-01-07 19:31:15'),
(54323236, 269, 72, 100000.00, 'bank_transfer', '', '2025-01-07 19:32:08', '32323', NULL, '', 'documents/3650244722337/Receipts/1736278327768_269.jpeg', '2025-01-07 19:32:08', '2025-01-07 19:32:08'),
(54323237, 270, 72, 10000.00, 'bank_transfer', '', '2025-01-07 19:32:36', '32323', NULL, '', 'documents/3650244722337/Receipts/1736278355244_270.jpeg', '2025-01-07 19:32:36', '2025-01-07 19:32:36'),
(54323238, 270, 72, 15000.00, 'bank_transfer', '', '2025-01-07 19:33:56', '31321', NULL, '', 'documents/3650244722337/Receipts/1736278435063_270.png', '2025-01-07 19:33:56', '2025-01-07 19:33:56'),
(54323239, 64, 29, 50000.00, 'bank_transfer', '', '2025-01-08 07:40:49', '32323', NULL, '', 'documents/5801340949778/Receipts/1736322047690_64.jpeg', '2025-01-08 07:40:49', '2025-01-08 07:40:49'),
(54323240, 89, 4, 60000.00, 'bank_transfer', '', '2025-01-08 10:47:39', '32323', NULL, '', 'documents/8452146540705/Receipts/1736333258314_89.jpeg', '2025-01-08 10:47:39', '2025-01-08 10:47:39'),
(54323241, 0, 43, 66720.00, 'bank_transfer', '', '2025-01-05 19:07:18', '32324', NULL, '', 'documents/9233852474513/Receipts/1736276837046_9.jpeg', '2025-01-07 14:07:18', '2025-01-11 11:39:55'),
(54323242, 0, 59, 400000.00, 'bank_transfer', '', '2025-01-07 18:34:02', '32323', NULL, '', 'documents/3650242263328/Receipts/1736274841467_230.jpeg', '2025-01-07 13:34:02', '2025-01-11 11:40:01'),
(54323243, 0, 59, 50000.00, 'bank_transfer', '', '2025-01-03 18:32:59', '32323', NULL, '', 'documents/3650242263328/Receipts/1736274777923_229.jpeg', '2025-01-07 13:32:59', '2025-01-11 05:13:41'),
(54323244, 0, 59, 50000.00, 'bank_transfer', 'asada', '2025-01-07 18:27:34', '516515', NULL, '', 'documents/3650242263328/Receipts/1736274453017_229.jpeg', '2025-01-07 13:27:34', '2025-01-11 11:40:05'),
(54323245, 0, 59, 50000.00, 'bank_transfer', '', '2025-01-07 18:28:02', '213132', NULL, '', 'documents/3650242263328/Receipts/1736274481596_229.png', '2025-01-07 13:28:02', '2025-01-07 13:28:02'),
(54323246, 0, 43, 420000.00, 'bank_transfer', '', '2025-01-01 17:41:24', '32323', NULL, '', 'documents/9233852474513/Receipts/1736271669214_8.jpeg', '2025-01-07 12:41:24', '2025-01-11 03:01:45'),
(54323247, 0, 43, 15000.00, 'bank_transfer', '', '2025-01-02 17:43:56', '32324', NULL, '', 'documents/9233852474513/Receipts/1736271834257_8.jpeg', '2025-01-07 12:43:56', '2025-01-11 03:01:51'),
(54323248, 0, 63, 60000.00, 'cheque', '65656', '2025-01-07 17:44:43', '32324', NULL, '', 'documents/3650242263389/Receipts/1736271880887_22.png', '2025-01-07 12:44:43', '2025-01-07 12:44:43'),
(54323249, 0, 63, 500000.00, 'bank_transfer', '', '2025-01-07 17:49:44', '32323123123', NULL, '', 'documents/3650242263389/Receipts/1736272183345_23.jpeg', '2025-01-07 12:49:44', '2025-01-11 11:39:47'),
(54323250, 0, 72, 300000.00, 'bank_transfer', '', '2025-01-07 19:29:42', '65656', NULL, '', 'documents/3650244722337/Receipts/1736278181357_268.jpeg', '2025-01-07 14:29:42', '2025-01-11 11:39:43'),
(54323251, 0, 72, 50000.00, 'bank_transfer', '', '2025-01-07 19:30:36', '6+6565', NULL, '', 'documents/3650244722337/Receipts/1736278234886_268.jpeg', '2025-01-07 14:30:36', '2025-01-11 11:39:39'),
(54323252, 0, 72, 100000.00, 'bank_transfer', '', '2025-01-07 19:30:59', '66565', NULL, '', 'documents/3650244722337/Receipts/1736278258182_268.jpeg', '2025-01-07 14:30:59', '2025-01-11 11:39:24'),
(54323253, 0, 72, 150000.00, 'bank_transfer', '', '2025-01-07 19:31:15', '+656', NULL, '', 'documents/3650244722337/Receipts/1736278274266_268.jpeg', '2025-01-07 14:31:15', '2025-01-11 11:39:29'),
(54323254, 0, 72, 100000.00, 'bank_transfer', '', '2025-01-07 19:32:08', '32323', NULL, '', 'documents/3650244722337/Receipts/1736278327768_269.jpeg', '2025-01-07 14:32:08', '2025-01-07 14:32:08'),
(54323255, 0, 72, 100000.00, 'bank_transfer', '', '2025-01-07 19:32:36', '32323', NULL, '', 'documents/3650244722337/Receipts/1736278355244_270.jpeg', '2025-01-07 14:32:36', '2025-01-11 11:39:33'),
(54323256, 0, 43, 66720.00, 'bank_transfer', '', '2025-01-15 19:07:18', '32324', NULL, '', 'documents/9233852474513/Receipts/1736276837046_9.jpeg', '2025-01-07 14:07:18', '2025-01-11 11:38:44'),
(54323257, 0, 59, 400000.00, 'bank_transfer', '', '2025-01-28 18:34:02', '32323', NULL, '', 'documents/3650242263328/Receipts/1736274841467_230.jpeg', '2025-01-07 13:34:02', '2025-01-11 11:38:54'),
(54323258, 0, 59, 500000.00, 'bank_transfer', '', '2025-01-07 18:32:59', '32323', NULL, '', 'documents/3650242263328/Receipts/1736274777923_229.jpeg', '2025-01-07 13:32:59', '2025-01-11 11:39:04'),
(54323259, 0, 59, 50000.00, 'bank_transfer', 'asada', '2025-01-21 18:27:34', '516515', NULL, '', 'documents/3650242263328/Receipts/1736274453017_229.jpeg', '2025-01-07 13:27:34', '2025-01-11 11:38:49'),
(54323260, 0, 59, 50000.00, 'bank_transfer', '', '2025-01-10 18:28:02', '213132', NULL, '', 'documents/3650242263328/Receipts/1736274481596_229.png', '2025-01-07 13:28:02', '2025-01-07 13:28:02'),
(54323261, 0, 43, 420000.00, 'bank_transfer', '', '2025-01-09 17:41:24', '32323', NULL, '', 'documents/9233852474513/Receipts/1736271669214_8.jpeg', '2025-01-07 12:41:24', '2025-01-11 03:01:45'),
(54323262, 0, 43, 150000.00, 'bank_transfer', '', '2025-01-17 17:43:56', '32324', NULL, '', 'documents/9233852474513/Receipts/1736271834257_8.jpeg', '2025-01-07 12:43:56', '2025-01-11 11:39:19'),
(54323263, 0, 63, 60000.00, 'cheque', '65656', '2025-01-25 17:44:43', '32324', NULL, '', 'documents/3650242263389/Receipts/1736271880887_22.png', '2025-01-07 12:44:43', '2025-01-07 12:44:43'),
(54323264, 0, 63, 500000.00, 'bank_transfer', '', '2025-01-20 17:49:44', '32323123123', NULL, '', 'documents/3650242263389/Receipts/1736272183345_23.jpeg', '2025-01-07 12:49:44', '2025-01-11 11:38:38'),
(54323265, 0, 72, 300000.00, 'bank_transfer', '', '2025-01-12 19:29:42', '65656', NULL, '', 'documents/3650244722337/Receipts/1736278181357_268.jpeg', '2025-01-07 14:29:42', '2025-01-11 11:39:09'),
(54323266, 0, 72, 5000.00, 'bank_transfer', '', '2025-01-27 19:30:36', '6+6565', NULL, '', 'documents/3650244722337/Receipts/1736278234886_268.jpeg', '2025-01-07 14:30:36', '2025-01-07 14:30:36'),
(54323267, 0, 72, 10000.00, 'bank_transfer', '', '2025-01-14 19:30:59', '66565', NULL, '', 'documents/3650244722337/Receipts/1736278258182_268.jpeg', '2025-01-07 14:30:59', '2025-01-07 14:30:59'),
(54323268, 0, 72, 15000.00, 'bank_transfer', '', '2025-01-08 19:31:15', '+656', NULL, '', 'documents/3650244722337/Receipts/1736278274266_268.jpeg', '2025-01-07 14:31:15', '2025-01-07 14:31:15'),
(54323269, 0, 72, 100000.00, 'bank_transfer', '', '2025-01-23 19:32:08', '32323', NULL, '', 'documents/3650244722337/Receipts/1736278327768_269.jpeg', '2025-01-07 14:32:08', '2025-01-07 14:32:08'),
(54323270, 283, 1, 1000.00, 'bank_transfer', '', '2025-01-14 00:00:00', '2323213', '', '', '', '2025-01-14 12:59:19', '2025-01-14 12:59:19'),
(54323271, 284, 1, 4500.00, 'bank_transfer', '', '2025-01-14 00:00:00', '32323', '', '', '', '2025-01-14 13:47:11', '2025-01-14 13:47:11'),
(54323272, 285, 1, 1500.00, 'bank_transfer', 'title of thsi ', '2025-01-14 00:00:00', '15000', 'condtiont', '', '', '2025-01-14 17:19:54', '2025-01-14 17:19:54'),
(54323273, 10286, 85, 12.00, 'bank_transfer', 'extra', '2025-01-14 00:00:00', 'sdasds', '', '', 'documents/3050244262337/Receipts/1736878756084_.jpeg', '2025-01-14 18:21:27', '2025-01-15 02:58:51'),
(54323274, 10287, 1, 1000000.00, 'bank_transfer', 'In the case of Conrm Token, if the purchaser fails to proceed, then token money will be forfeited.  And if the seller withdraws from the decided deal, he will be liable to pay double the amount.', '2025-01-15 00:00:00', 'Meezab TID-909455 ', '', '', '', '2025-01-15 08:10:25', '2025-01-15 16:18:15'),
(54323275, 10288, 86, 10000.00, 'Pay Order', 'In the case of Conrm Token, if the purchaser fails to proceed, then token money will be forfeited. \r\nAnd if the seller withdraws from the decided deal, he will be liable to pay double the amount.', '2025-01-15 00:00:00', 'BCX-36520', '', '', '', '2025-01-15 16:24:03', '2025-01-15 16:24:03'),
(54323276, 10289, 1, 12.00, 'Bank Transfer', 'In the case of Confirm Token, if the purchaser fails to proceed, then token money will be forfeited. \r\nAnd if the seller withdraws from the decided deal, he will be liable to pay double the amount.', '2025-01-18 00:00:00', '121321', '', '', '', '2025-01-18 07:33:40', '2025-01-18 07:33:40'),
(54323277, 10290, 1, 123.00, 'Bank Transfer', 'In the case of Confirm Token, if the purchaser fails to proceed, then token money will be forfeited. \r\nAnd if the seller withdraws from the decided deal, he will be liable to pay double the amount.', '2025-01-18 00:00:00', '12321', '', '', '', '2025-01-18 08:02:54', '2025-01-18 08:02:54'),
(54323278, 10291, 1, 500000.00, 'Bank Transfer', 'In the case of Confirm Token, if the purchaser fails to proceed, then token money will be forfeited. \r\nAnd if the seller withdraws from the decided deal, he will be liable to pay double the amount.', '2025-01-18 00:00:00', '514201251', '', '', 'documents/3650244262337/Receipts/1737194685173_57.jpeg', '2025-01-18 10:04:47', '2025-01-18 10:04:47'),
(54323279, 10292, 1, 123.00, 'Bank Transfer', 'Saim Imtiaz', '2025-01-19 00:00:00', '12321312123', '', NULL, '', '2025-01-19 02:36:39', '2025-01-19 02:36:39'),
(54323280, 10293, 1, 123.00, 'Bank Transfer', 'Saim Imtiaz', '2025-01-19 00:00:00', '12321312123', '', NULL, '', '2025-01-19 02:36:44', '2025-01-19 02:36:44'),
(54323281, 10294, 1, 500.00, 'Bank Transfer', 'In the case of Confirm Token, if the purchaser fails to proceed, then token money will be forfeited. \r\nAnd if the seller withdraws from the decided deal, he will be liable to pay double the amount.', '2025-01-19 00:00:00', '323', '', 'Saim Imtiaz', '', '2025-01-19 02:44:33', '2025-01-19 02:44:33'),
(54323282, 10298, 1, 1500.00, 'Bank Transfer', 'In the case of Confirm Token, if the purchaser fails to proceed, then token money will be forfeited. \r\nAnd if the seller withdraws from the decided deal, he will be liable to pay double the amount.', '2025-01-19 00:00:00', '2323', '', 'Saim Imtiaz', '', '2025-01-19 02:51:26', '2025-01-19 02:51:26'),
(54323283, 10303, 1, 5000.00, 'Bank Transfer', 'In the case of Confirm Token, if the purchaser fails to proceed, then token money will be forfeited. \r\nAnd if the seller withdraws from the decided deal, he will be liable to pay double the amount.', '2025-01-19 00:00:00', '2323', '', 'Saim Imtiaz', '', '2025-01-19 03:20:58', '2025-01-19 03:20:58'),
(54323284, 10303, 1, 5000.00, 'bank_transfer', 'ASDASD', '2025-01-19 03:23:39', '12122', NULL, NULL, 'documents/3650244262337/Receipts/1737257017961_10303.jpeg', '2025-01-19 03:23:39', '2025-01-19 03:23:39'),
(54323285, 10304, 1, 500.00, 'Bank Transfer', 'In the case of Confirm Token, if the purchaser fails to proceed, then token money will be forfeited. \r\nAnd if the seller withdraws from the decided deal, he will be liable to pay double the amount.', '2025-01-19 00:00:00', '32324', '', 'Saim Imtiaz', '', '2025-01-19 03:25:37', '2025-01-19 03:25:37'),
(54323286, 10304, 1, 400.00, 'bank_transfer', '', '2025-01-19 03:27:04', '32323', NULL, NULL, 'documents/3650244262337/Receipts/1737257223279_10304.jpeg', '2025-01-19 03:27:04', '2025-01-19 03:27:04'),
(54323287, 10305, 1, 15000.00, 'Bank Transfer', 'In the case of Confirm Token, if the purchaser fails to proceed, then token money will be forfeited. \r\nAnd if the seller withdraws from the decided deal, he will be liable to pay double the amount.', '2025-01-19 00:00:00', '3232', '', 'Saim Imtiaz', '', '2025-01-19 03:50:06', '2025-01-19 03:50:06');

-- --------------------------------------------------------

--
-- Table structure for table `users`
--

DROP TABLE IF EXISTS `users`;
CREATE TABLE IF NOT EXISTS `users` (
  `id` int NOT NULL AUTO_INCREMENT,
  `username` varchar(50) NOT NULL,
  `email` varchar(100) NOT NULL,
  `password` varchar(255) NOT NULL,
  `prp` varchar(255) NOT NULL,
  `created_at` timestamp NULL DEFAULT CURRENT_TIMESTAMP,
  `role` enum('admin','user') DEFAULT 'user',
  `Full Name` varchar(100) NOT NULL,
  `Company` varchar(100) NOT NULL,
  `logo` varchar(255) NOT NULL,
  `address` text NOT NULL,
  PRIMARY KEY (`id`),
  UNIQUE KEY `username` (`username`),
  UNIQUE KEY `email` (`email`)
) ENGINE=MyISAM AUTO_INCREMENT=3 DEFAULT CHARSET=utf8mb4 COLLATE=utf8mb4_0900_ai_ci;

--
-- Dumping data for table `users`
--

INSERT INTO `users` (`id`, `username`, `email`, `password`, `prp`, `created_at`, `role`, `Full Name`, `Company`, `logo`, `address`) VALUES
(2, 'saimimtiaz', 'saim@gmail.com', '$2y$10$ozwjwyPJBZL7P056Mtf2z.PfnQhL8SWuYCkAamIfSjHYpNYbQTy/e', 'documents/3650244262337/photo.png', '2024-12-17 03:58:27', 'user', 'Saim Imtiaz', 'AJMAIR GROUP', '', '');
COMMIT;

/*!40101 SET CHARACTER_SET_CLIENT=@OLD_CHARACTER_SET_CLIENT */;
/*!40101 SET CHARACTER_SET_RESULTS=@OLD_CHARACTER_SET_RESULTS */;
/*!40101 SET COLLATION_CONNECTION=@OLD_COLLATION_CONNECTION */;
